text,label
"유엔넷, 포스트그레SQL 성능 분석·장애 대응 솔루션 '타란튜너' 선봬",IT
"변호사 작성 문서, 카톡으로 전달…디지털 법률 서비스 확대",IT
"SKT 에이닷, 고객센터 통화 대기부터 일정 관리까지 AI가 돕는다",IT
"“AI 해킹 대응부터 DR까지”…국정자원, 정부 인프라 안정화 현장 논의",IT
"KT, 국가서비스대상 수상 기념 고객 이벤트 개최",IT
"하버드 석좌교수·인간게놈프로젝트 핵심 연구자, UST 특임교원 합류",IT
"SKT, AI 영상 합성 기술력 글로벌 무대에서도 인정",IT
"애플, 中 CXMT 메모리 수급 위해 美 백악관 로비전 '활활'…쇼티지 나비효과",IT
"월마트, 매장 직원 '안경사'로 키운다...왜",IT
"""그림자·반사까지 구현한다""…SKT, 'AI 영상 합성 기술' 해외 학회 논문 채택",IT
"SKT '고객센터 연결 대기, AI가 대신 맡는다'",IT
"SKT, 고객센터 통화 대기부터 일정 관리까지 AI가 돕는다",IT
"SKT 에이닷, AI 에이전트 기능 강화",IT
"대원제약, 부패방지·준법경영 시스템 통합 인증 획득",IT
"부산대, 전체 교원·학생에 구글 교육용 AI 서비스 제공",IT
[문화엔진] 부재(不在)가 제안하는 능동적 시간,IT
"강석연 식약평가원장 ""식약처, 기업과 함께 뛰는 입장 되겠다""",IT
"뉴로핏, 싱가포르 래플즈병원에 ‘뉴로핏 아쿠아’ 공급",IT
"LG화학, 변이 고형암 신약 후보물질 美FDA 임상 1·2상 승인",IT
"신세계I&C, 지속가능경영보고서 발간… AI 활용 원칙 포함",IT
"다쏘시스템, 파리상테 캠퍼스와 협력…유럽 헬스케어 스타트업 지원",IT
"우주서 본 '하지'…""낮과 밤 가르는 지구 경계선 뚜렷"" [우주서 본 지구]",IT
“AI 핑계로 D램 공급 줄였다”…삼성·SK하이닉스·마이크론 美서 집단소송,IT
"KT, '2026 ESG 보고서' 발간…2006년부터 20년째",IT
"""차기작 내부 설계까지 털렸다""…타타 해킹 사태로 '아이폰 18 프로' 회로도 다량 유출",IT
"로엔서지컬, 美 원격수술 플랫폼 ‘소바토’와 원격수술 통합 협력 MOU",IT
"""전통시장서 온누리상품권 쓰세요""…삼성전자, '감사 페스티벌' 통해 상생 혜택 확대",IT
"대만, 슈퍼마이크로 압수수색…엔비디아 AI칩 중국 밀반출 수사 확대",IT
"오텍캐리어, AI 데이터센터용 히트펌프 폐열 회수 시장 공략",IT
"[AI 리더스] 김득화 펀진 대표 ""국방 무기 경쟁력, 획득 속도가 관건""",IT
"프리윌린, 홍콩 교육박람회서 'AI 코스웨어' 전시·상담 진행",IT
"삼성전자, 전통시장서 감사 페스티벌 홍보…온누리상품권 혜택 알린다",IT
"미국 통신노동자조합 ""엑스박스 노조원 3500명 이상, MS 감원 맞서 싸울 것""",IT
"바이오니아 자회사 에이스바이옴, 롯데홈쇼핑과 MOU 체결",IT
"라이노스, 키논로보틱스와 대형 청소로봇 시장 공략",IT
"AI가 관리하는 내 일상…SKT, 에이닷 ‘AI 에이전트’ 기능 강화",IT
"KT, 2026 ESG보고서 발간…AI 신뢰·탄소중립 등 담아",IT
"카카오, 로앤컴퍼니·하나금융티아이 손잡고 법률 분야 전자문서 서비스 확대",IT
기조연설 경청하는 구윤철 부총리와 박홍근 장관,IT
"와치텍 ‘와치올 PMA’, 공공 예방점검자동화 솔루션 GS인증 1등급 획득",IT
"""참여만 해도 선물이""…KT, 통신 멤버십 수상 기념 이벤트 진행",IT
"KT멤버십, '국가서비스대상' 수상 기념 고객 참여형 이벤트 진행",IT
"KT멤버십, '국가서비스대상' 수상 기념 고객 참여형 이벤트 진행",IT
"진매트릭스, 호흡기 진단제품 CE-IVDR 등재 완료",IT
기조발표하는 임강섭 보건복지부 제약바이오산업과장,IT
바이오리더스클럽 발언하는 한성민 강스템바이오텍 재무팀장,IT
"KQC, 차세대 양자 AI 하이브리드 플랫폼 '큐비티어' 출시",IT
바이오리더 노하우 공유하는 바이오리더스클럽,IT
바이오 현장 발언하는 이성경 제이엔피메디 센터장,IT
"포털 줌, AI 검색에 독파모 'K-엑사원' 첫 상용 도입",IT
환영사하는 권남훈 산업연구원 원장,IT
"SKT, AI 영상 합성 기술로 세계적 컴퓨터 비전 학회서 인정",IT
환영사하는 권남훈 산업연구원 원장,IT
"콜로라도 의대 연구팀, 큐리언트 모카시클립으로 소아 뇌종양 치료 가능성 확인",IT
"BAT, 전 세계 인력 20% 줄인다",IT
"한컴위드, 무설치 웹 보안으로 공공·금융 공략…양자내성암호 적용",IT
축사하는 박홍근 장관,IT
"최수진 ""K-바이오 성장해법은 오픈이노베이션…투자·인력 선순환""",IT
축사하는 박홍근 장관,IT
축사하는 박홍근 장관,IT
축사하는 구윤철 부총리,IT
축사하는 구윤철 부총리,IT
축사하는 구윤철 부총리,IT
축사하는 구윤철 부총리,IT
축사하는 구윤철 부총리,IT
"박영선 위원장, 개회사 및 기조 발제",IT
"박영선 위원장, 개회사 및 기조 발제",IT
"박영선 위원장, 개회사 및 기조 발제",IT
"박영선 위원장, 개회사 및 기조 발제",IT
"박영선 위원장, 개회사 및 기조 발제",IT
"SKT, AI 영상 합성 기술로 세계적 컴퓨터 비전 학회서 인정",IT
"시흥시, 생성형 AI 통합민원 비서 'Ai흥온' 내달 서비스 개시",IT
"AI 전력수요 폭증…""SMR 경쟁력 확보하고 원전 AI 자율운전 준비해야""",IT
"“심전도 재며 유해가스까지 감지”…UNIST, 초저전력 ‘AI 스마트 패치’ 개발",IT
"[단독]SKT, '놀금'에도 'AI 모드' 대전환...'포커스 데이' 시동",IT
"ECB 총재 ""2022~2023년 같은 초강력 대응 필요없다""",IT
모바일 신분증 활용 해커톤에 318팀 몰려…전년比 51% 증가,IT
"삼성SDS, 성과급 개편 투표 연장…7월 7일 마감",IT
"SKT ""2035년까지 15GW AI데이터센터 순차 구축""",IT
"""타이레놀-자폐 연관성 근거 없다""…70만쌍 분석의 결론",IT
메모리값 3분기 최대 50% 더 뛴다…2028년 中 증설이 변수,IT
'최대 실적 무배당' 아이티센 강진모 회장 연봉은 직원 평균 17배,IT
"인핸스, 국군재정관리단과 협력…공사원가계산 AI 모델 도출",IT
“메모리 가격 2028년까지 안꺾여…3분기 50% 상승”-제퍼리스,IT
28회 바이오리더스클럽 축사하는 최수진 국민의힘 의원,IT
"강석연 식품의약품안전평가원장, 바이오리더스클럽 축사",IT
바이오리더스클럽 축사하는 최수진 의원,IT
"제28회 바이오리더스클럽, 이영섭 뉴스1 대표이사 인사말",IT
바이오리더스클럽 축사하는 강석연 식품의약품안전평가원장,IT
바이오리더스클럽 인사말하는 이영섭 뉴스1 대표,IT
대한민국 전략경제 포럼,IT
바이오리더스클럽 참석한 최수진 의원,IT
축사하는 강석연 식품의약품안전평가원장,IT
"기초연금 기준 충족했지만 못받는 노인 175만명…""신청주의에 발목""",IT
인사말하는 이영섭 뉴스1 대표이사,IT
28회 바이오리더스클럽 인사말하는 이영섭 뉴스1 대표,IT
대한민국 전략경제 포럼,IT
"HLB파나진, AOC 핵심 특허 출원·정부 지원사업 선정",IT
대한민국 전략경제 포럼,IT
대한민국 전략경제 포럼,IT
대한민국 전략경제 포럼,IT
소리 못 듣던 6살 몽꼴에게 선물 안긴 '이 병원'…수술 성공,IT
"프레스티지바이오파마, ESMO GI 2026서 췌장암 신약 임상 전략 공개",IT
7월부터 췌장장애 등록 가능…입시·취업 위한 우선심사 운영,IT
5월 반도체 생산 10% 감소에 산업생산 두 달 연속 마이너스(종합),IT
"소진공, '혁신 소상공인 AI 활용지원 소통의 날' 개최",IT
"KT멤버십, ‘국가서비스대상’ 수상…고객 이벤트·보답 프로그램으로 혜택 확대",IT
"신세계아이앤씨, 네번째 지속가능경영보고서 발간",IT
곡면에도 붙는 인테리어 필름…SK케미칼 소재 기술 적용,IT
"제놀루션, 국가독성과학연구소 ‘어깨동무기업’ 선정",IT
애플 보안망 뚫렸나…아이폰18 프로 핵심정보 유출,IT
상반기 '화제의 기업' 1위 SK하이닉스...에이피알 10위,IT
"LG화학, 고형암 신약후보물질 美FDA 임상시험계획 승인",IT
촉감과 만성통증 가르는 '분자 스위치' 찾았다…난치성 통증 치료 실마리[과학을읽다],IT
진화하는 단백질 구조 예측 AI 알파폴드…'움직이는 단백질'까지 예측,IT
제퍼리스 “메모리 가격 3·4분기 최대 50% 급등…2028년까지 공급 부족 지속”,IT
"화성 동탄·용인 기흥·구리시, 투기과열지구 및 토지거래허가구역 추가 지정",IT
"[Bio Story]③""데이터로 겨루는 AI 의료기기, 한국에 승산 있다""",IT
"코어라인소프트, 美 3DR랩스와 4년째 협력…사용량 60% 증가",IT
"지니너스, ‘바이오 USA’서 빅파마 러브콜… 기술수출 기대감 고조",IT
"[Bio Story]②""개발·허가 넘어도 수가 벽…기업이 무너진다""",IT
[미장브리핑] 알파벳 다우지수 '성공적' 데뷔…4% 상승,IT
"원스토어 인수 마친 장현국 대표…""결제를 잡는 자가 이긴다""",IT
"[Bio Story]①""연구·허가·시장 단절 잇겠다""…혁신위 첫 병원장의 현장 진단은",IT
"'AX 플랫폼 컴퍼니' 꿈꾸는 KT, ESG에도 AX 연계 강화",IT
"인천시, '카카오 알림톡'으로 대기환경 경보 서비스",IT
한자리 모인 바이오 리더,IT
제28회 바이오리더스클럽,IT
"앤트로픽, 빅테크 협력 다각화…MS 애저 사용·아마존과 이상 기류",IT
"엑셀세라퓨틱스, 中 CGT 시장 공략…마틴 에반스 센터와 맞손",IT
"듀오락, 인지건강 연구 성과 지역사회 환원… 김포 어르신 대상 '기억을 잇는 행복교실' 운영",IT
'인슐린펌프 춘추전국시대'…케어메디·이오플로우·큐어스트림 격돌,IT
"두나무, 임직원 준법 경영 서약식 개최…윤리 의식 강화",IT
"HLB파나진, AOC 핵심 특허 출원·정부 지원사업 선정",IT
초전도 상태 도달 전 '숨은 질서' 찾았다,IT
"오픈AI, 개발자 위한 새 하드웨어 7월 15일 공개 예정",IT
"구글, 제미나이 공급제한...메타 등 주요 기업에 통보[글로벌AI브리핑]",IT
"제퍼리스 ""메모리 가격 3분기 50% ↑…내년에도 40~45% ↑""",IT
"LG화학, 미국 FDA서 고형암 신약후보물질 임상계획 승인받아",IT
"KT, 2026년 ESG보고서 발간",IT
"LG화학, 고형암 신약후보물질 美FDA 임상시험계획 승인",IT
"KT, 2026년 ESG보고서 발간",IT
"KT, 2026년 ESG보고서 발간",IT
"엑셀세라퓨틱스, 노벨상 수상자 보유 ‘中 마틴 에반스’와 세포치료제 개발",IT
'부정맥부터 가스 위험까지 감지' 패치형 온칩 AI 기술 개발,IT
[인사] 과학기술인공제회,IT
부정맥부터 유해가스까지…패치 안에서 AI가 실시간 진단[과학을읽다],IT
인도 조립 협력사 해킹에 아이폰 18 정보도 유출,IT
"LG전자 ‘바스에어’, 출시 후 月 판매성장률 120% 흥행 가도",IT
"앤트로픽, 아마존에 AI 사용요금 인상…보안우려 제보 앙심?",IT
[K-보안 주권⑦] 실전 역량 갖춰도 악순환 계속…저가 경쟁에 빠진 국산업계,IT
"[AI와 토큰]③벌써 다 썼다고?…토큰, 똑똑하게 쓰는 법",IT
[콘텐츠 인사이트] 넥슨 '맥락 자본'의 첫 시험대 된 카트라이더 부활,IT
"日다카이치 ""규제개혁 위한 'AI·디지털 개혁 추진회의' 설치""",IT
나델라 “모든 기업 자체 AI모델 구축해야…AI 독식은 안 돼”[이규화의 글로벌AI],IT
인도서 유출된 애플 데이터에 출시 앞둔 아이폰18 정보도 포함,IT
"신세계I&C, 지속가능경영보고서 발간",IT
"앤트로픽-엔비디아-MS 동맹, 애저 시스템서 클로드 구동",IT
"""AI에이전트 결제시대 곧 온다…차기 사업기회 모색"" [일문일답]",IT
"아이오트러스트 ""월렛 서비스 무한 확장…금융인프라 파트너로""",IT
"46조 블록버스터 ‘키트루다’ 정조준…삼성에피스, 업계 첫 3상 성과",IT
'2000명 로그아웃?' 카카오톡은 멈추지 않았다[1일IT템],IT
"관절에 좋은 글루코사민, 치매 환자에겐 ‘독’ 될수도 [노화설계]",IT
"AWS, 클라우드 환경에 세계 최초 ‘내결함성 양자컴’ 얹는다",IT
대만·한국·일본 학자 한자리에…'동아시아 정세·문화 논의',IT
"강남구 '택스위키' 도입…""취득세 민원 처리시간 80% 단축""",IT
"""아기 치료 중단됐어요""…'도수치료 관리급여' 시작 전부터 혼란",IT
삼성SDS 성과급 개편 투표 논란…사내 찬반 투표 연장도,IT
"카이스(KAIS), 코엑스서 열리는 'AI 서밋 서울 & 엑스포' 참가",IT
"李“호남반도체 특혜 아냐, 장기소외 호남에는…”",IT
해커 AI가 취약점 쏟아내자…보안업계 '무조건 패치' 한계 왔다,IT
"""폰히펠린다우 증후군, 月 2261만원 약값…정부, 환자 절망 직시해야""",IT
과기부총리 “2030년까지 피지컬AI ‘세계 1강’ 목표”,IT
"""메모리 탓?"" 애플 가격 인상 논란…램크루지·中 메모리 로비 역풍",IT
ICT대연합 “대한민국 대도약 메가프로젝트 적극 환영”,IT
9월 9일 애플 빅데이…아이폰18 프로·울트라 온다[모닝폰],IT
"[단독] LG전자, 가전 부품 탐색 AI 에이전트 개발… 수일→30분으로 시간 단축",IT
[비즈톡톡] ‘K보안’ 육성 강조한 李대통령… 매출 1000억원 이상 韓 기업 3곳뿐인데,IT
지난해 신규 HIV 감염 5% 줄어…2030·외국인 비중은 증가,IT
호남 800조 투자 발표에 삼성 반도체는 ‘어리둥절’… 중장기 청사진에 변수될 듯,IT
정부 선정 국가연구소에 서울대·성대·창원대·충남대…10년간 최대 1000억 지원,IT
"‘로봇 손’ 개발 테솔로, 상장주관사에 KB증권 선정 [로보 인사이트]",IT
월드컵에서 일본 기업이 사라진 까닭은,IT
美 최대 코인 거래소도 中 AI 쓴다...가성비 앞세워 기업 시장 잠식,IT
삼성 닮아가는 애플...'터치스크린 맥북' 나오나[1일IT템],IT
550조원 AIDC 짓는다는데… 전략서 빠진 '가장 중요한 퍼즐'?,IT
통신 3사의 'AI-RAN' 뭐길래…기지국 노리는 엔비디아 셈법 [IT백과],IT
"""3분기에만 50%""…메모리 폭등에 삼성·SK, 또 역대급 실적?[IT썰]",IT
"""부품값 탓"" 핑계 댄 애플…과거 저가 조달 청구서 날아왔다",IT
"비엠텍시스템, AI 기반 신규 기술 특허 2건 등록",IT
"복지부, 7월부터 맞춤형 자활 시범사업…전국 52개 지자체서 시행",IT
"소아·뇌혈관·알코올 특화 병원 8곳, '24시간 진료' 지원금 받는다",IT
신규 HIV 감염인 927명…감염경로 99%가 '성 접촉',IT
“앉아서 수억 날리는 기업들 널렸죠”…프롬프트 다이어트 먼저라는데,IT
'독파모' 이어 이번엔 로봇 두뇌…3년내 '피지컬AI 범파모' 만든다,IT
마이크론 10% 폭락→1%대 상승…삼전ㆍ하닉 오늘은 반등할까,IT
"오픈AI·앤트로픽, 韓 대기업 AX 시장 격돌 [AI 클로즈업]",IT
인간만 출산이 고통스럽다고? 80년 정설 뒤집혔다 [사이언스 브런치],IT
"위로보틱스, 휴머노이드 시뮬레이션 모델 공개… “피지컬AI 생태계 구축”",IT
수천억원 위성 수리해 재사용…'위성 AS' 시대 여는 K-스타트업,IT
다우 사상 첫 5만2000선 돌파…반도체 주 일제히 반등,IT
"클라비, 국방 AI·고성능 분석 시스템 구축사업 수주",IT
구글도 AI 인프라 한계… 메타에 제미나이 사용량 제한,IT
카이스트 18대 총장에 배충식 교수 선임,IT
앤트로픽-엔비디아-MS 삼각동맹 결실…애저시스템서 클로드 구동,IT
"포털 줌, AI 검색에 ‘K-엑사원’ 적용…‘독파모’ 사업 첫 상용화",IT
[오늘의 주요일정]과기정통부·방미통위·개보위(6월30일 화요일),IT
"AI가 바꾼 일터… 고숙련 직종 늘고, 저숙련 직종 줄었다",IT
"광주에 800조, ‘팹’ 4기 신설… 충청 패키징-영남 소부장 거점으로",IT
삼성-셀트리온 이어 롯데까지… 송도 ‘바이오 클러스터’ 확장,IT
인공위성으로 포트홀-싱크홀 찾는다,IT
"“AI의 열대우림 만들겠다”… 中, 기업-인재 한곳 모아 美 맹추격",IT
"“엄마, 에어컨이 하늘에 달렸나봐요”",IT
장마철 대비 배수펌프 점검,IT
"""박사는 중국 가서 딸 것""… 몽골 컴퓨터 인재, 한국 이공계에 작별 고하다",IT
"'사이클 산업' 반도체, 하락은 정말 먼 미래일까... 설비 과잉 우려도",IT
"드론 강자 중국 DJI, 짐벌 카메라 내놓고 로봇청소기 시장도 넘본다",IT
"[단독] ""2학년부터 연구실로""…설립 14년 중국 대학, 서울대 제친 비결은",IT
"한은 ""AI투자 美경제 핵심동력…대규모 투자 지속될 것""",IT
"토지보상·임대차 문서, 이젠 모바일로 전자증명",IT
로봇에 심는 제조강국 DNA… 5년내 '피지컬AI 넘버원' 도약,IT
[사설]증시 널뛰기·침체 우려..AI열풍 적신호,IT
"'문서보안' 소프트캠프, 국가망·AI로 체질 바꾼다",IT
"과기부 ""AIDC 규모, 2035년까지 18.4GW급 확대""…아태지역 '허브' 목표",IT
[기자수첩] AI를 막는다고 보안이 강해질까,IT
"앤트로픽, 아마존에 AI 사용요금 인상…관계 멀어지나",IT
"로켓랩, 12조3500억원 들여 이리듐 인수… 발사체 넘어 위성통신까지 확장",IT
“휴머노이드 점유율 1%→20%로 끌어올릴 것”,IT
SK 주도로 곳곳 AI 데이터센터… 최태원 “1000조 계획”,IT
"새 울음소리 해독한 美 과학자, 10만달러 상금",IT
사람 간 소통·협업 이끄는 일… AI 시대 고연봉 직무로 각광,IT
"LG전자, 스팀 살균 기능 로봇청소기 출시",IT
"생산성 높이려… 휴머노이드 로봇, 脫인간화",IT
"40도 폭염 덮친 유럽, 에어컨 블루오션으로 뜬다",IT
주 5일제 직장인 내년 119일 쉰다,IT
진짜 웃음과 가짜 웃음… 뇌 사용 부위 다르다,IT
"‘바이오 새싹’ 키우는 릴리, 삼바와 손잡고 송도에 요람 만든다",IT
피 한방울로 ‘위험’ 진단… 알츠하이머 새길 열린다,IT
한해 임상 5200건… 증식하는 中 바이오,IT
AI 거품 경고한 BIS “붕괴땐 세계경제 위협”,IT
"‘컴퓨팅 한계’ 구글, 메타의 제미나이 사용량 제한",IT
"추석때 연차 이틀 쓰면 9일 연휴, 내년이 기다려진다",IT
"돈 줘도 AI 못쓰는 시대…구글, 메타에 “사용량 줄여라”",IT
“독자 피지컬AI 세계 1위 만들고 제조공장 암묵지 도서관도 구축”,IT
제18대 KAIST 총장에 배충식 기계공학과 교수,IT
"‘컴퓨팅 한계’ 구글, 메타의 제미나이 사용량 제한",IT
"추석때 연차 이틀 쓰면 9일 연휴, 내년이 기다려진다",IT
"돈 줘도 AI 못쓰는 시대…구글, 메타에 “사용량 줄여라”",IT
“독자 피지컬AI 세계 1위 만들고 제조공장 암묵지 도서관도 구축”,IT
제18대 KAIST 총장에 배충식 기계공학과 교수,IT
"‘컴퓨팅 한계’ 구글, 메타의 제미나이 사용량 제한",IT
"추석때 연차 이틀 쓰면 9일 연휴, 내년이 기다려진다",IT
"돈 줘도 AI 못쓰는 시대…구글, 메타에 “사용량 줄여라”",IT
“독자 피지컬AI 세계 1위 만들고 제조공장 암묵지 도서관도 구축”,IT
제18대 KAIST 총장에 배충식 기계공학과 교수,IT
"‘컴퓨팅 한계’ 구글, 메타의 제미나이 사용량 제한",IT
"추석때 연차 이틀 쓰면 9일 연휴, 내년이 기다려진다",IT
"돈 줘도 AI 못쓰는 시대…구글, 메타에 “사용량 줄여라”",IT
“독자 피지컬AI 세계 1위 만들고 제조공장 암묵지 도서관도 구축”,IT
제18대 KAIST 총장에 배충식 기계공학과 교수,IT
"‘컴퓨팅 한계’ 구글, 메타의 제미나이 사용량 제한",IT
"추석때 연차 이틀 쓰면 9일 연휴, 내년이 기다려진다",IT
"돈 줘도 AI 못쓰는 시대…구글, 메타에 “사용량 줄여라”",IT
“독자 피지컬AI 세계 1위 만들고 제조공장 암묵지 도서관도 구축”,IT
제18대 KAIST 총장에 배충식 기계공학과 교수,IT
"‘컴퓨팅 한계’ 구글, 메타의 제미나이 사용량 제한",IT
"추석때 연차 이틀 쓰면 9일 연휴, 내년이 기다려진다",IT
"돈 줘도 AI 못쓰는 시대…구글, 메타에 “사용량 줄여라”",IT
“독자 피지컬AI 세계 1위 만들고 제조공장 암묵지 도서관도 구축”,IT
제18대 KAIST 총장에 배충식 기계공학과 교수,IT
"‘컴퓨팅 한계’ 구글, 메타의 제미나이 사용량 제한",IT
"추석때 연차 이틀 쓰면 9일 연휴, 내년이 기다려진다",IT
"돈 줘도 AI 못쓰는 시대…구글, 메타에 “사용량 줄여라”",IT
“독자 피지컬AI 세계 1위 만들고 제조공장 암묵지 도서관도 구축”,IT
제18대 KAIST 총장에 배충식 기계공학과 교수,IT
"‘컴퓨팅 한계’ 구글, 메타의 제미나이 사용량 제한",IT
"추석때 연차 이틀 쓰면 9일 연휴, 내년이 기다려진다",IT
"돈 줘도 AI 못쓰는 시대…구글, 메타에 “사용량 줄여라”",IT
“독자 피지컬AI 세계 1위 만들고 제조공장 암묵지 도서관도 구축”,IT
제18대 KAIST 총장에 배충식 기계공학과 교수,IT
"‘컴퓨팅 한계’ 구글, 메타의 제미나이 사용량 제한",IT
"추석때 연차 이틀 쓰면 9일 연휴, 내년이 기다려진다",IT
"돈 줘도 AI 못쓰는 시대…구글, 메타에 “사용량 줄여라”",IT
“독자 피지컬AI 세계 1위 만들고 제조공장 암묵지 도서관도 구축”,IT
제18대 KAIST 총장에 배충식 기계공학과 교수,IT
"‘컴퓨팅 한계’ 구글, 메타의 제미나이 사용량 제한",IT
"추석때 연차 이틀 쓰면 9일 연휴, 내년이 기다려진다",IT
"돈 줘도 AI 못쓰는 시대…구글, 메타에 “사용량 줄여라”",IT
“독자 피지컬AI 세계 1위 만들고 제조공장 암묵지 도서관도 구축”,IT
제18대 KAIST 총장에 배충식 기계공학과 교수,IT
"‘컴퓨팅 한계’ 구글, 메타의 제미나이 사용량 제한",IT
"추석때 연차 이틀 쓰면 9일 연휴, 내년이 기다려진다",IT
"돈 줘도 AI 못쓰는 시대…구글, 메타에 “사용량 줄여라”",IT
“독자 피지컬AI 세계 1위 만들고 제조공장 암묵지 도서관도 구축”,IT
제18대 KAIST 총장에 배충식 기계공학과 교수,IT
"‘컴퓨팅 한계’ 구글, 메타의 제미나이 사용량 제한",IT
"추석때 연차 이틀 쓰면 9일 연휴, 내년이 기다려진다",IT
"돈 줘도 AI 못쓰는 시대…구글, 메타에 “사용량 줄여라”",IT
“독자 피지컬AI 세계 1위 만들고 제조공장 암묵지 도서관도 구축”,IT
제18대 KAIST 총장에 배충식 기계공학과 교수,IT
"핸드볼 여자주니어 세계선수권, 독일에 완패한 한국…8강 진출 실패",스포츠
"'노젓기 응원 받은' 호블란, 연장서 1m 버디 놓친 셰플러 꺾고 '월요 챔피언'",스포츠
"경찰, '잠실 개표소' 체육단체 진입 막은 30대 남성 소환",스포츠
"“한국은 1명 변덕에 휘둘려…일본은 100년 비전 가졌는데” BBC, 韓 위기 집중분석",스포츠
"적으로 만난 이이무라는 어떤 투수 였을까...LG의 평가 ""구위는 합격, 다만 KBO병 걸리면 답 없다""",스포츠
"""죄송하다는 말도 부족하다"" 손흥민 국대 은퇴 없다…""죽기살기로 달린다, 다시 잘 준비하겠다""",스포츠
"브라질, 일본 꺾고 16강…카세미루 ""침착함이 역전 비결""[월드컵24시]",스포츠
4년 사이 환호가 야유로...카타르·북중미 월드컵 입국 현장,스포츠
정교함의 절정... 월드컵 최고 빅게임이었던 브라질-일본 경기,스포츠
"'이 보다 스마트한 '늙은 여우'는 없다' 네이마르 안 쓰고도 日에 역전승! 브라질 안첼로티 감독 ""우리는 연장전을 위해 그를 기다리고 있었다""",스포츠
"LG, 양준석 4억 원·유기상 3억 5000만 원에 재계약…최고 인상률은 최형찬",스포츠
"""죽기 살기로 달리겠다""…손흥민이 털어놓은 심경 [소셜픽]",스포츠
"파라과이, 대회 첫 승부차기서 독일 꺾고 16강행 이변",스포츠
"""이정후 데려오려면 다 내놔라"" 美 매체, 디트로이트에 공개 제안 ""SF 흔들 강력한 오퍼 필수""",스포츠
[뭐라노]벤치에 앉은 감독,스포츠
"'아시아 킬러' 브라질, 8강 꿈꾸던 일본 잠재웠다",스포츠
"""김도영 선수 만나고 싶어요"" 벌써 발표? 대만의 김도영이 맞대결 원한다",스포츠
"제주SK, 바이에른 뮌헨전 티켓 구매자 대상 오픈 트레이닝 공개",스포츠
"'홍명보 감독 사퇴', ""현장 감독은 나""라던 아로소는 '침묵유지'",스포츠
"호블란, 연장서 셰플러 따돌리고 PGA 트래블러스 챔피언십 우승",스포츠
"양준석 48%, 유기상 59% 인상! 창원 LG, 샐러리캡 90.4%로 연봉 협상 완료",스포츠
"연장전에 승부차기까지…파라과이, 독일 꺾고 16강",스포츠
"'일본 상대하기 정말 힘들더라' 극적 역전승에도 日 경기력 혀 내두른 안첼로티 감독 ""압박 매우 촘촘했어""",스포츠
"일본, 브라질에 역전패…16강 좌절 '졌지만 잘 싸웠다'",스포츠
2026-2027 PBA 팀리그 내달 5일 개막,스포츠
"바르사 떠난 골잡이 레반도프스키, MLS 시카고 파이어로 이적",스포츠
"""승엽아, 공을 여 잡아야지"" 이대호의 따끔한 조언",스포츠
8년 전 악몽 재연한 일본! 벨기에전 버지비터 실점→브라질전 극장골 허용→토너먼트 1R서 또 탈락[2026WC],스포츠
조원태 총재가 전하는 V-리그 상생과 협력의 가치②,스포츠
"[2026월드컵]12년만에 토너먼트 오른 獨, 첫판서 침몰…파라과이에 승부차기패",스포츠
"[월드컵] '후반 50분 역전골' 브라질, 일본 2-1로 꺾고 16강 진출",스포츠
"‘녹슨 전차군단’ 독일, 세 대회 연속 조기 탈락 수모…김민재 동료 PK 실축",스포츠
"韓 초대박! 이강인, 마침내 ""합의 완료"" 북중미 월드컵 종료→급물살 탄 협상 ""알레마니 단장, 새로운 선수 발표 예정""",스포츠
축구협회 향한 전방위 압박…'내 편 밀어주기' 정조준,스포츠
이제는 체력 싸움… KLPGA 투어 롯데 오픈 7월 2일 개막,스포츠
"‘전차군단 또 무너져’ 파라과이, 승부차기 끝 ‘우승 후보’ 독일 격파",스포츠
"축구대표팀 야유 속 침묵 귀국…""홍명보 나가!"" 울려 퍼진 비판",스포츠
"""한국한테 0-2로 지던 팀 맞아?""… 파라과이, '전차군단' 독일 격침시키는 대이변 [2026 월드컵]",스포츠
"'우승 도전' 선언, NH농협카드 프로당구 NH pay, 새 시즌 돌풍 예고",스포츠
"'이번 월드컵 첫 연장전' 파라과이, 독일 승부차기 끝에 제압…16강 진출",스포츠
"韓 ""홍명보 나가!"" 日은 정반대, '브라질에 역전패' 모리야스 거취 언급에 국대 레전드 ""나가지마!""",스포츠
"‘금쪽이’ 모란트, 멤피스 떠난다...트레이드로 포틀랜드행",스포츠
"""연봉 뱉어내!"" 야유 쏟아지자 머리 '긁적'…또 '홍명보가 홍명보했다' [오승혁의 현장]",스포츠
"""부상 악재? 그건 변명일 뿐""… 이런 사령탑 참 부럽다, 日 모리야스 감독이 박수받는 이유 [2026 월드컵]",스포츠
"“김하성, 애틀랜타 역사상 최악의 FA 계약” WAR -6.0 페이스…308억원 공중에 뿌렸다? 충격의 먹튀 취급",스포츠
"LG 새 주장 정인덕 “개인 목표는 3점슛 40%, 자유투 90%”",스포츠
"[오피셜] 한국전 1-2 충격패→조별리그 대참사...코우베크 체코 감독 전격 사퇴 ""부진한 성적 책임 느껴""",스포츠
"안경 벗고 렌즈, 렌즈 빼고 안경···박승규의 낮과 밤이 다른 일상",스포츠
"[대학리그] 역전도 했던 건국대, 기반은 전기현의 퍼포먼스",스포츠
"“총재의 역할은 오케스트라 지휘자와 같다” 조원태 총재, KOVO와 9년 동행 마침표①",스포츠
"[홍명보호, 반복된 악몽] ③ 한 달 반 해외 장기 합숙, 정신적으로 깨지기 쉬웠던 선수들",스포츠
[한국축구개혁] ③ 그라운드 떠나 예능·유튜브로…스타 축구인들은 뭐했나,스포츠
[한국축구개혁] ② 한국 축구 이끌 참신한 인물 뽑기…또다시 공염불 될까,스포츠
[한국축구개혁] ① 감독 뽑을 때마다 헛발질…무능과 불통의 축구협회,스포츠
"월드컵에도 식지 않은 열기…프로야구, 역대 최소 경기 700만 관중 돌파 임박",스포츠
"[월드컵] 파라과이, 대회 첫 승부차기서 독일 꺾고 16강행 이변",스포츠
"이재명 대통령의 날선 비판→홍명보 감독의 퇴진. 글로벌 매체 ESPN의 집중조명 ""이 대통령, 감독 무능, 대표팀 프로그램 전면 쇄신 요구""",스포츠
"[뉴스UP] ""개 껌 날아들었다""...'32강 탈락' 축구대표팀 귀국",스포츠
"'노이어 선방쇼도 무용지물' 파라과이, 전차군단 독일 격파 '대이변'... 대회 첫 승부차기 혈투 끝 승리",스포츠
"""홍명보, 나가!""→'한국 축구는 죽었다!' 홍명보 감독 향한 분노 폭발 귀국 현장…정몽규 회장 향해선 '이물질' 투척",스포츠
"""총대 메고 살해하겠다""…홍명보 전 감독 '신변 안전 조치' 받을 수 있나?",스포츠
"[북중미WC] 녹은 대체 언제 벗겨내나? ‘녹슨 전차’ 독일, 또또또 조기 탈락…파라과이에 승부차기 패배",스포츠
[월드컵 모멘토] 북중미 월드컵 첫 연장·승부차기 혈투…파라과이가 ‘전차군단’ 독일을 꺾었다,스포츠
"파라과이, '전차군단' 독일 잡았다…승부차기 4-3 승리로 16강[월드컵]",스포츠
"권순우, 윔블던 본선 2회전 진출... 1회전서 세계 60위 완파",스포츠
"모리야스 감독 “일본, 세계 정상 더 가까워졌다”…홍명보호 초라한 귀국과 대비",스포츠
"""브라질? 예전같지 않아"" 도발했던 日 신성 역풍 맞았다...50만 팬들 SNS 테러+인종차별 공격",스포츠
"'한국-일본도 안 만났는데' 독일, 또 월드컵 16강 진출 실패…파라과이에 승부차기 패배 [2026 WC]",스포츠
"골든스테이트, 포르징기스와 2년 617억 재계약…커리 지원군 유지",스포츠
'골잡이' 레반도프스키도 MLS 진출…시카고 파이어와 2년 계약,스포츠
"英 BBC, 뼈때리는 일침 ""韓 축구, 1명의 변덕에 휘둘려…日 100년 비전 배워라""",스포츠
분노한 한국 팬들 마주한 홍명보호…감독 떠나자 나타난 선수들 표정은[노컷브이],스포츠
독일 32강 탈락 ‘대이변’…승부차기서 파라과이에 덜미,스포츠
"""충격"" 하늘이 버렸다, 일본 에이스 이런 날벼락이 있나...부상 결장한 '日 이강인' 구보, 토너먼트 탈락에 오열 ""정말 미안합니다""",스포츠
"[월드컵 REVIEW] 이변 일어났다! 파라과이, 독일 상대로 승부차기 혈투 끝에 승리→16강 진출 성공",스포츠
"김혜성은 칼 같이 강등, 송성문은 잡초처럼 생존, 왜?",스포츠
"파라과이, 독일 잡았다… 승부차기 접전 끝 16강행 이변",스포츠
"[2026 북중미] '승부차기 충격패' 독일, 파라과이에 막혔다…우승 후 3연속 32강서 '좌절'",스포츠
"파라과이, 승부차기로 독일 잡고 16강 합류",스포츠
승부차기서 독일 잡고 환호하는 파라과이 선수들,스포츠
파라과이 16강행 결정짓는 호세 카날레,스포츠
‘전차군단’ 승부차기에 울었다···파라과이 GK 힐 ‘미친 선방쇼’ 넘지 못하고 패배 16강행 좌절,스포츠
"새벽 공항에 울린 ""홍명보 나가!""…대표팀 귀국길 '얼음장'",스포츠
"‘전차군단’ 독일, 충격의 32강 탈락…승부차기서 파라과이에 막혔다",스포츠
"“꿈의 무대가 무너졌다”…착잡한 손흥민, 34위 탈락후 첫 심경[전문]",스포츠
"바르사 떠난 골잡이 레반도프스키, MLS 시카고 파이어로 이적",스포츠
"'메이저 정복' 유해란, 세계랭킹 7위 도약…'KLPGA 3승' 김민솔 15위",스포츠
"""김하성 역사상 최악의 FA, ATL 농락했다"" 연봉 308억인데 '타율은 0.068'... 'FA 3수'는 허황된 꿈이 될까",스포츠
[2026 북중미] 4실점도 이상하지 않았다...후반전 일방적 수세→삼바 축구 진가 실감한 日 축구,스포츠
"'전차군단' 독일, 32강 탈락 대참사…파라과이에 승부차기 패",스포츠
홍명보 뒤따라 입국한 설영우…팬들 욕설 섞인 비난에 보인 반응? [현장영상],스포츠
하베르츠 승부차기 막아내는 파라과이 골키퍼,스포츠
"파라과이, 승부차기 끝에 독일 꺾고 16강 진출",스포츠
"승부차기 선방, 환호하는 파라과이 골키퍼",스포츠
"‘롯데→두산’ 초대형 트레이드 이적생, 고생 끝 낙이 왔다! 마침내 얻은 감독 신뢰 ‘재능 꽃피운다, 주전으로 봐야“",스포츠
"'3명 실축' 독일, 12년 만의 토너먼트 첫 판 탈락…파라과이에 승부차기 패",스포츠
"""계란 챙겼지만, 오는 길에 깨졌다"" 홍명보 감독, 운 좋게 '계란세례' 면했다 [오!쎈 현장]",스포츠
'대한민국 설상의 신화' 최가온→유승은 뒤에 신한금융그룹이 있다…루키스폰서십이 발굴한 역대급 재능,스포츠
"'2024는 잊어라' 삼성, 이번에는 진짜 일낸다, 왜?",스포츠
"'팔꿈치 수술→FA 삼수' 왕년의 세이브왕 KKKK 부활 선언, 위기의 9위팀 기다렸다…""독하게 준비했다, 마지막 기회라 생각할 것""",스포츠
"롯데 '대졸루키' 박정민 전격 1군 말소…열심히 뛰었다, 후반기까지 휴식 제공한다",스포츠
"[자막뉴스] 분노·고성 가득했던 입국장...홍명보, 야유 속 끝내 묵묵부답",스포츠
"이천수 ""명보 형 진짜 싫은 게""…홍명보 직격",스포츠
"파라과이, 대회 첫 연장·승부차기 접전 끝에 독일 꺾고 이변 연출[월드컵24시]",스포츠
"‘언더독’ 파라과이, 독일 승부차기 끝에 제압…16강 진출",스포츠
"일본의 꿈, 추가시간에 와르르…브라질 '극장골'로 16강 진격",스포츠
"[독일-파라과이] '전차군단 침몰' 독일이 무너졌다… 파라과이, 힐 선방쇼 앞세워 1-1 무승부→ 승부차기 4-3 승리",스포츠
"""월드컵 우승"" 일본의 도전, 일찌감치 멈췄다→'눈물 펑펑' 32강 탈락…브라질에 1-2 역전패 [월드컵 리뷰]",스포츠
"멤피스, 자 모란트 전격 트레이드…'전체 3순위' 부저 중심 새 시대 연다",스포츠
‘월드컵 최약체’ 독일 또또또 조기 탈락 ‘굴욕’…김민재 동료 타가 허공으로 날린 16강행 티켓[북중미는 지금],스포츠
"[wc.review] '전차군단' 독일, 또 무너졌다...'복병' 파라과이에 승부차기 접전 끝 4-5 석패→16강행 좌절",스포츠
욕설하는 팬 vs 응원하는 팬…인천공항 아수라장 [현장영상],스포츠
"일본, 브라질에 역전패 당하며 16강 좌절",스포츠
"'하베르츠-타 승부차기 실축' 독일, 1-1 무승부 후 승부차기서 3-4 패배...파라과이, 16강 진출",스포츠
“다시 돌아와 주셔요”…눈시울 붉히며 떠난 벤투에 몰려간 한국 축구팬들,스포츠
"손흥민 ""죽기 살기로 달려보겠다...비판보다 격려를""",스포츠
“홍명보 나가라” 속 홍명보 전 감독 ‘무표정’ 귀국 ‘질문에 묵묵부답’,스포츠
네 번째 월드컵 마친 손흥민 “다시 죽기 살기로 달려보겠다”,스포츠
[월드컵 전적] 파라과이 1-1 <승부차기 4-3> 독일,스포츠
"[월드컵 리뷰]'카잔 참사'만큼의 충격! 녹슨 독일, 승부차기 끝에 파라과이에 패해 '32강 광탈'…하베르츠→타→볼테마데 '실축'",스포츠
"일본, 브라질에 한 골차 석패…모리야스 ""세계 정상에 가까워져""",스포츠
월드컵 ‘폭망’ 후폭풍 몰려온다…회장 선거+ 새 사령탑 선임까지 ‘건강한 새판짜기’ 급선무,스포츠
"모리야스는 막고, 안첼로티는 풀었다...한국축구가 놓친 '전술' [이영규의 비욘더매치]",스포츠
"""손흥민·이강인 있는데 왜?""…외신도 '홍명보 실패' 원인 집중 조명",스포츠
"“홍명보,억지 사과…축협은 욕망의 카르텔” 박문성의 지적",스포츠
축구협회 특별감사 시작…제보도 받는다,스포츠
"""한국인들, 홍명보 괴롭히지 마라""…일본서 뜻밖의 동정론 터진 이유",스포츠
"홍명보 비난 속 귀국한 날... 日 감독 ""확실히 세계 정상과 가까워졌다""",스포츠
"[월드컵] 브라질, 일본 2-1로 꺾고 16강행…24년 만의 정상 도전 이어간다",스포츠
"'이제는 메이저 퀸' 유해란, 세계랭킹 7위로 우뚝…김민솔 15위·윤이나 17위",스포츠
'쏟아진 욕설' 홍명보·정몽규 초라한 귀국…개껌 투척도,스포츠
"홍명보에 ""고생하셨다""…'출입 환영' 안내문 알고 봤더니",스포츠
"고척 에어컨 역효과? KIA '패패패패패패패승' 잠실 공포증 왜?→""야구장 커져서 그런가, 운도 없어"" 꽃감독 쓴웃음",스포츠
"""홍명보, 돈 뱉고 나가!"", ""축협 완전 해체""…홍 감독+태극전사 귀국→2014년처럼 엿은 없었지만 험악했던 인천공항",스포츠
입 굳게 닫은 홍명보 전 감독… 야유 받으며 공항 빠져나가 [뉴시스Pic],스포츠
[월드컵 이슈] 韓 조기 탈락으로 꺾인 기대감…맥도날드 ‘손흥민 컵’ 한국에선 볼 수 없을까,스포츠
"""브라질과 격차 좁혀져…세계 정상 가까워졌다"" 모리야스 일본 감독 소회 밝혀",스포츠
"'한 명은 울고, 한 명은 짜증 내고' 다저스 2001년생 금쪽이 듀오에 美도 한숨…""감독이 포기해도 이상하지 않다""",스포츠
"'중간이면 그냥 가는 게 낫다' 한화, 작년 롯데 전철 밟을 수도...에르난데스, 좀 더 분발해야, 30일 등판이 중요",스포츠
사상 초유의 ‘쪼개기 귀국’…손흥민은 귀국 선발대에서 제외됐다,스포츠
"“홍명보 나가”, “연봉 반납하라” 축구대표팀 입국장 팬들 원성 가득",스포츠
"김병현, 김영광 공개 저격?…""'홍명보 나가' 귀에 거슬려, 선 넘었다""",스포츠
"'초대형 트레이드!' 모란트, 마침내 멤피스 떠난다... 근데 행선지가 의외?",스포츠
"""6번째 우승 기운이 느껴져!""",스포츠
일본전 승리 환호하는 브라질 축구 팬들,스포츠
"메이저 제패한 유해란, 세계랭킹 7위로 상승…김민솔은 15위",스포츠
"[북중미 월드컵] 32강 좌절에 고개 숙인 홍명보호 '캡틴' 손흥민 ""꿈의 무대 무너져내린 기분…다시 죽기 살기로 달릴 것""",스포츠
"""팬들이 나를 필요로 할 때까지"" 손흥민, 32강 좌절 후 침묵 마무리... ""죄송합니다""부터 ""죽기 살기로 뛰겠다"" [공식발표]",스포츠
"박현경, 일본 무대도 제패…'최고 상금' 어스 몬다민컵 우승",스포츠
"""맨유 제치기 위해 승부수 준비 중"" 토트넘, '1737억 MF' 노린다…""마이키 무어 포함한 제안 건넸어""",스포츠
"우승 외쳤던 일본, 브라질에 1-2 역전패…16강 진출 실패(종합)[월드컵24시]",스포츠
"‘손가락 5개’ 쿠냐, 日 시오가이 응징···“축구는 말보다 경기력으로, 그 답을 보여줬다” 으쓱",스포츠
"'엿·계란 의식했나' 홍명보 전 감독, 박항서 단장-조현우에 에워싸여 귀국",스포츠
"브라질에 역전패…日 선수들, 종료 휘슬과 함께 '눈물바다'[월드컵24시]",스포츠
브라질에 ‘석패’한 모리야스 감독 “정말 안타깝다”,스포츠
"손흥민, 월드컵 탈락에 ""진심으로 죄송…죽기 살기로 달려보겠다""",스포츠
모친상 치른 대표팀 감독 풍자…佛 샤를리 에브도 만평 논란,스포츠
"푸이그·카디네스는 대실패, 데이비슨·히우라는 다를까…4년 연속 꼴찌는 안된다, 키움 파격 승부수",스포츠
"“한 번 더 하는 줄…” 이시언, 아들 첫 월드컵에 아쉬움 가득",스포츠
"[월드컵] 한국 FIFA 랭킹, 32위까지 추락…2021년 12월 이후 최저",스포츠
"데이비슨+히우라는 푸이그+카디네스와 다르다…그땐 알칸타라+안우진이 없었다, 영웅들 절박한 승부수",스포츠
"""홍명보 형 진짜 싫은 게""…이천수의 작심 비판",스포츠
"유해란, PGA 챔피언십 우승 후 '세계 랭킹 7위'로 상승",스포츠
"일본전 동점 골, 환호하는 카제미루",스포츠
'동점 골' 세리머니하는 카제미루,스포츠
정몽규 회장에 '개껌' 투척... 32강 진출 실패 홍명보 정몽규 귀국,스포츠
"노젓기 응원받은 호블란, 셰플러 꺾고 PGA 통산 8승",스포츠
"'일본 쯤이야' 45분의 천국→5분의 눈물, ""'교활한 안첼로티'가 또 해냈다""…0-1 '굴욕'에도 자신감, 브라질의 미소",스포츠
"[KBSA 디비전] 야구가 좋아! 심판에 뛰어든 최무열, ""참 매력적인 이유""",스포츠
"[월드컵] ""홍명보 나가"" 수백명 몰린 입국장…정몽규 향해 '개껌' 던져",스포츠
"유일한 3승 챔피언 김민솔, 세계랭킹 4계단 도약 15위",스포츠
"""홍명보 나가라!"" 월드컵 조기 탈락 충격 속, 홍명보·대표팀 귀국",스포츠
하반기 경륜·경정 운영 일정 발표…연휴 특별 운영 및 대상경주 개최,스포츠
"김민준, 통산 300승 눈앞… 경정 대표 선수로 우뚝",스포츠
"LG, 비어 있던 5선발...장현식이 답이 될까? 선발 3경기 호투",스포츠
"호블란, 연장전서 셰플러 꺾고 노르웨이 팬들과 ‘바이킹 노젓기 세리머니’",스포츠
"'연봉 삭감 합의' GSW, 221cm 라트비아 폭격기와 2년 616억 재계약... 르브론-AD 영입 추진은 어떻게?",스포츠
"아쉬운 월드컵은 뒤로 하고…다시 달리는 손흥민 “현실 받아들이기 쉽지 않아, 죽기 살기로 뛰겠다”",스포츠
"정종진, 경륜 왕중왕전 우승…2연패 및 상반기 대상경주 석권",스포츠
"‘후반 추가시간 5분 결승골’ 브라질, 일본 2-1로 격파→‘16강 진출’",스포츠
‘208cm·윙스팬 224cm’ 남수단에서 건국대까지…뭉구의 첫 실전이 시작된다 “다재다능함 보여주고 싶어”,스포츠
양 팀서 나란히 헤더 골…독일-파라과이 32강전서 접전,스포츠
2026 북중미 월드컵 대한민국 축구대표팀 귀국,스포츠
'32강 탈락' 홍명보 전 감독 귀국,스포츠
'32강 탈락' 홍명보 전 감독 귀국,스포츠
귀국하는 홍명보,스포츠
홍명보에 항의하는 축구팬들,스포츠
귀국하는 홍명보,스포츠
축구대표팀 귀국,스포츠
'우리 선수들 고개 숙이지 마세요',스포츠
귀국한 황희찬-김민재,스포츠
굳은 표정의 홍명보,스포츠
"[KBSA 디비전리그] 몸 날리고, 승격 노리고!  D5 뜨거운 개막전",스포츠
"""다음 월드컵에선 더 잘해보시길"" 네이마르의 유쾌한 조롱… 日 승리, 브라질 탈락 예측한 수학자 저격",스포츠
"“홍명보 나가!” 야유, 정몽규엔 ‘개껌’…손흥민 “죄송”",스포츠
"""적당히 해야지"" 격분…고교대회서 '스벅' 조롱 어땠길래",스포츠
"귀국 선발대에서 제외된 손흥민… 사상 초유 '쪼개기 귀국' 에 팬들은 ""마지막 경우의 수"" 탄식  [2026 월드컵]",스포츠
"""응원 준비 많이했는데 허무해"" 붉은악마 운영위원장 ""홍명보, 팬들 기분 알았으면...허무하다"" [현장인터뷰]",스포츠
[韓 축구 대참사 블랙박스①] 불신이 분노로 변할 때까지,스포츠
"박현경, JLPGA 어스몬다인 컵 우승",스포츠
"박현경, JLPGA 어스몬다인 컵 우승",스포츠
홍명보의 추락…영웅은 왜 명감독이 되지 못할까,스포츠
아시아 최약체와 비길 때부터 울린 '경고음'... 2년 동안 손흥민 활용법·스리백·플랜B 모두 답 없었다 [홍명보호 예고된 참사②],스포츠
"'최고의 학교체육 선생님을 찾습니다' 2026년 학교체육대상, '베스트 오브 더 베스트'-특수체육교육 대한장애인체육회장상 신설..11월26일 시상식",스포츠
침묵으로 귀국한 홍명보호…정몽규엔 '개껌' 날아들어,스포츠
"[홍명보호, 반복된 악몽] ② 남아공전 참패, 승리에 취해 변화를 경시한 결과",스포츠
패배 후 팬들에게 인사하는 모리야스 감독,스포츠
마르티넬리 극장 역전골로 일본 꺾은 브라질,스포츠
브라질 : 일본 하이라이트…2026 북중미 월드컵 32강,스포츠
"""죄송합니다, 진심으로 죄송합니다"" 대국민 사과 후 국대 은퇴 선언? 손흥민, 태극마크 반납 없다...""팬들이 필요로 할 때까지 모든 걸 쏟아부어""",스포츠
일본 패배에 눈물 흘리는 축구 팬,스포츠
"브라질에 역전패, 눈물 흘리는 일본 축구 팬",스포츠
패배의 아쉬움 속 쓰레기 치우는 일본 팬들,스포츠
"브라질을 핀치로 몰아넣었던 일본, 해외 매체들도 찬사 “충분히 자부심 가질만 하다”",스포츠
[월드컵 이슈] 브라질에 고개 숙인 일본…모리야스 감독 “더 강한 팀이 되겠습니다”,스포츠
"'책임 없는 모습에 매우 실망' 첼시, 마레스카 맨시티 감독 부임에 입장문 발표 ""시즌 도중부터 가길 원했어""",스포츠
"""한국 축구는 죽었다"" 욕설·고성 아수라장...'34위 참사' 홍명보호, 야유 속 가시방석 인천 귀국",스포츠
"'홍명보 나가' 입국장 뒤덮은 야유와 욕설, 정몽규 회장에게는 개껌 투척…허무하게 끝난 북중미월드컵 [2026 WC]",스포츠
"한화, 36년 만에 올스타 포수 배출! 22세 '신인왕+GG 도전' 괜히 하겠나→""홈런 더비? 감히 낄 수 있을지…""",스포츠
"영정사진 들고 나온 축구팬들…'귀국' 홍명보 향해 ""나가""",스포츠
손흥민 “죄송하다는 말조차 부족…다시 죽기 살기로 달리겠다”,스포츠
"브라질, 일본에 역전승…후반 추가시간 극장골로 16강행",스포츠
"손흥민 ""팬들에게 죄송, 다시 최선을 다하겠다""...홍명보 언급 없어 [앵커리포트]",스포츠
"""손흥민 짠하다 힘내라""…트럭 뒤에 붙은 손글씨, 팬들 '뭉클'",스포츠
"홍명보 감독, 야유 속에 귀국‥취재진 질문에 '묵묵부답'",스포츠
야유 속 홍명보 감독 귀국...취재진 질문엔 묵묵부답,스포츠
‘불꽃야구2’ 신바람 4연승!…동시 시청 22만 넘었다,스포츠
"일본, 브라질에 역전패…32강서 탈락",스포츠
'선제골' 환호하는 사노 가이슈,스포츠
브라질전 선제골 넣는 사노 가이슈,스포츠
"‘시간이 멈췄다’…강소라, 14년전 ‘사직 우유샷’ 완벽 소환",스포츠
브라질 '일본 꺾고 16강 진출',스포츠
"'계륵' 에이튼, 레이커스 남는다! 플레이어 옵션 행사",스포츠
"""감독의 힘이 부족했다"" 32강 탈락 日 감독, 홍명보와 다른 사과",스포츠
"'생애 첫 메이저 우승' 유해란, 세계랭킹 7위 도약",스포츠
"日 모리야스 감독 ""패배는 아쉽지만 세계 정상과 가까워졌다""",스포츠
[월드컵] 축구 대표팀의 씁쓸한 귀국…고성·야유 속 공항 빠져나가,스포츠
"손흥민 ""진심으로 죄송…팬들께 보답 못해 큰 책임감""…월드컵 탈락 후 첫 심경",스포츠
[2026 북중미] '결승골 헌납' 日 다나카 아오 눈물범벅...쿠냐는 진심 어린 위로,스포츠
"'월드컵 우승' 노리던 일본, 브라질에 역전패 당하며 16강 좌절",스포츠
르브론과 AD가 커리와 한 팀? GSW의 야망,스포츠
"'브라질에 역전패→32강서 탈락' 일본 ""여기서 끝날 게 아닌데""(종합)[월드컵24시]",스포츠
[북중미 월드컵] “억지로 사과한 느낌” 홍명보 태도 지적한 박문성 해설위원 작심 비판 “약속된 전술적인 움직임은 전혀 없고 선수 개인 기량에만 의존했어”,스포츠
"끝내 오열! 일본, 월드컵 우승 꿈 좌절, 브라질에 통한의 역전패...모리야스 감독, ""내가 부족, 선수들 최선을 다해, 자부심 느꼈으면""",스포츠
"일본, 브라질에 1-2 역전패…모리야스 ""세계 정상 가까워졌다""",스포츠
"'바람의 손자'만 믿는다…SF 매체, ""이정후는 기대를 현실로 만든 선수, 외야 개편 중심""",스포츠
"고개 숙인 '캡틴' 손흥민 ""팬들이 찾을 때까지 다시 준비할 것""",스포츠
"일본, ‘브라질에 역전패’ 16강 좌절…“큰 충격…더 강한 팀 될 것”",스포츠
"일본전 극장 역전 골, 환호하는 마르치넬리",스포츠
"극장 역전 골, 환호하는 마르치넬리",스포츠
"마르치넬리, 극장 역전 골로 일본 격침",스포츠
'극장 역전 골' 환호하는 브라질 선수들,스포츠
브라질 역전 골에 좌절하는 사노 가이슈,스포츠
기뻐하는 마르티넬리,스포츠
"브라질에 석패한 일본, 명장 안첼로티의 ‘고공전’에 또 울었다",스포츠
"올스타 출신 가드→'총기 논란 2회' NBA 대표 문제아 몰락... 불곰 군단 에이스 모란트, POR로 전격 트레이드",스포츠
"'홍명보 출입 환영' 안내문 내건 유명 정신과…""왜 그랬는지 묻고 싶다""",스포츠
"원정 6연전 시작하는 삼성라이온즈···6월 막판 상승세, 7월로 이어갈까?",스포츠
"“영상부터 다시 보라”…배재고 사과문, ‘일부 학생’ 해명에 비판확산",스포츠
“스타벅스 가야지”…광주일고 조롱 논란 휩싸인 배재고 야구단,스포츠
"군산CC, 수만명 골프광 끌어들인 밴든 듄스 만든 키드와 손잡고 올림픽 개최 코스 만든다",스포츠
동점골 넣고 네이마르와 기뻐하는 카세미루,스포츠
"스쿠발만 트레이드? 前 KBO 최고투수 경쟁력 입증→유력 대상자 지목 ""선발-중간-마무리 다 가능""",스포츠
‘끝까지 불통’ 고개 뻣뻣이 든 홍명보…욕설·고성 얼룩진 입국장마저 외면,스포츠
“명보형 진짜 싫은 게”…2002 한일월드컵 막내 이천수가 맏형에 날린 독설,스포츠
"163전 164기 정한밀, 세계랭킹 917위→488위",스포츠
"[오피셜] 유럽-사우디 전부 아니었다! 레반도프스키, MLS 시카고 파이어 입단…""2027-28시즌까지 계약""",스포츠
차영현 치어리더 '핫팬츠에 흰티만 입어도 남다른 포스'  [치얼UP영상],스포츠
귀국하는 홍명보 감독,스포츠
귀국하는 홍명보 감독과 축구 대표팀,스포츠
영정사진 든 축구팬,스포츠
영정사진 든 축구팬,스포츠
귀국하는 이강인,스포츠
귀국하는 홍명보 감독과 축구 대표팀,스포츠
"""월드컵 실패→감독 살해 협박"" BBC 전격보도 ""위기에 빠진 한국 축구, 일본에 크게 뒤쳐져""",스포츠
"‘큐티풀’ 박현경, 日 최고 상금 대회 제패…올림픽CC, 내장객 전원 무료 식사",스포츠
"[오피셜] 쏘니 긴장해라! '연봉 260억원' 레반도프스키, 바르사 떠나 미국 MLS 시카고 파이어 이적",스포츠
"[시간들] 홍명보의 추락, 영웅은 왜 명감독이 되지 못할까",스포츠
"여자 PGA 챔피언십 우승한 유해란, 세계골프 랭킹 7위로 상승",스포츠
'KIA 고민' FA 중견수 최고 몸값? 그런데 발목 잡는 하나가 있다,스포츠
"일본, 브라질에 역전패…“아쉽지만 세계 정상에 가까워져”",스포츠
"남자 테니스 세계 1위 신네르, 윔블던 1회전서 5세트 진땀승",스포츠
"손흥민 ""착잡하고 마음 아파…죽기 살기로 달려보겠다"" 심경글 게재",스포츠
"고개숙인 '캡틴' 손흥민 ""현실 받아들이기 힘들어…너무 죄송합니다""",스포츠
"‘브라질에 석패’ 모리야스 감독 ""일본, 세계 정상과 가까워졌다""[월드컵]",스포츠
"'브라질에 역전패→16강 실패' 일본 감독 ""큰 충격…더 강한 팀 될 것""[월드컵24시]",스포츠
"""홍명보 나가"" 고성·야유 쏟아진 입국장…무표정·무응답으로 탈출한 '졸장'",스포츠
"'클린'하게 '욕설'만 던진 성난 팬들...""엿도, 계란도 아까워...이 사람은 감정이 없나?"" [현장인터뷰]",스포츠
최악 성적에 포상금 받는다…홍명보호 얼마씩 받나 보니,스포츠
태릉선수촌 개촌 60주년 기념 특별전,스포츠
"""홍명보 돈 뱉고 나가"" ""축협 해체""…홍명보, 원성과 야유 속 귀국",스포츠
"'부러운 패배', 日 브라질에 역전패 월드컵 32강 마무리",스포츠
"[2026 북중미] '일본 감독은 또 사죄했다' 카세미루가 밝힌 브라질의 승리 비결 ""침착함과 인내심""",스포츠
"[현장영상] ""나가!·연봉반납!"" 욕설·북소리 섞여 난장판…홍명보호 입국현장 다시보기",스포츠
'스타벅스 가야지!'‥선 넘은 고교 야구 응원,스포츠
"‘국가대표 미녀새’ 이희진, 서천 실업육상 멀리뛰기 5m92 우승! [SS리플레이]",스포츠
"""홍명보 나가"" 고성 속 입국…정몽규 향해 '개껌' 투척",스포츠
[영상] 삼삼오오 귀국한 홍명보호…개껌 투척도,스포츠
브라질전 역전패 떳떳한 일본 감독 “결과 받아들인다”,스포츠
"[영상] 홍명보에겐 ""나가!"" 거센 항의, 선수들에겐 ""고생했다"" 박수",스포츠
박은빈·에드워드 리·알파드라이브원 ‘KCON LA 2026’ 출격..메신저 활약 예고,연예
"""2달간 53억 회 재생됐다""…방탄소년단, '아리랑' 성과",연예
"성시경 ""맛집 소개 돈 받은 적 없어…악플 상처 받아""",연예
"'SNL코리아' 김규원, 정극 연기 도전…'아파트'로 배우 데뷔",연예
"윤남기♥이다은, 재혼 후 낳은 子 '이춘기'에 진땀 ""미치겠네..왜 그러실까""(남다리맥)",연예
"강훈 C레벌 됐다, MZ CEO 변신 (최애의 사원)",연예
"‘9월 결혼’ 류화영, ♥예비 신랑과 다이아 반지 자랑…웨딩화보 공개",연예
"'국민 심리학자' 김경일, MBC 라디오 '물음표' 새 진행자 발탁",연예
"고준희, 철저한 자기관리 비결 “다 돈이지 뭐”",연예
"리센느, 사랑스럽게 돌아온다…'프리티 걸' 콘셉트 포토 공개",연예
"아이오아이 1위 기운 받은 최유정, 금발 변신 솔로로 배턴 잇는다 [N이슈]",연예
"TXT 연준, 신곡 '아이스크림' 일부 선공개…안무 창작 참여",연예
"'SNL 코리아' 대세 김규원, 지성→문소리 주연 '아파트'로 첫 정극 연기 도전",연예
"‘서지승♥’ 이시언, 子와 첫 월드컵인데..“한 번 더 하는 줄”",연예
"베이비몬스터 아사·로라·아현, 청초하고 화사한 여름 비주얼",연예
"K-팝이 바꾼 아태지역 여행 지도… 부킹닷컴, 공연 도시 숙소 검색량 최대 1000% 폭증",연예
"TXT 연준, 'Ice Cream' 두근두근 설렘 폭발!",연예
"""'피의 게임X', 첫날부터 사건 몰아쳐…제작진도 따라가기 벅차""",연예
1974년 영부인 저격 사건 추적…허진호 감독 '암살자(들)' 추석 개봉,연예
‘라스’ 류수영 “♥박하선과 오토바이 데이트..‘안전한 오빠’ 벗어나고 파”,연예
"김호중, 옥살이 2년 만 오늘(30일) 출소→'자유인' 됐다…""다시 노래할 것"" 약속 지킬까",연예
"홍명보호 32강 탈락에 아쉬움‥이시언♥서지승, 아들과 첫 월드컵 허무하게 끝",연예
"오윤아 발달장애 子, 취업 성공 하더니 폭염에 마라톤 완주 ""민이 최고""",연예
"'규카츠' 김규원, 배우 된다…'아파트' 지성과 호흡 [공식]",연예
"'말자쇼', 늦은 출발선을 위한 '따뜻 응원'",연예
트레저 최현석 ‘무더위에도 포기할 수 없는 멋짐’[포토엔HD],연예
"김연자, 광주에 세워진 '아모르 파티' 기념비 감격…""진짜 갖고 싶었다"" (아침마당)",연예
"‘음주 뺑소니’ 김호중, 오늘(30일) 가석방으로 조기 출소…남은 형기는 보호관찰",연예
"“박중훈이 보고있다” 55세 김혜수, 물살 거슬러도 흐트러짐 없는 S라인",연예
[공식] 영부인 저격 사건 진상은 뭘까…유해진·박해일·이민호 '암살자(들)' 추석 개봉,연예
"""화가 안 멈춘다""던 김희철, 손흥민 사과문엔 '눈물'로 응답 [MD이슈]",연예
"'동상이몽2' 여에스더, '무수입 한량 남편' 홍혜걸에 수천만원 용돈다발",연예
"고준희 미모 비결? ""나만의 꾸안꾸 있다..먹고 살려면 참아야""",연예
"경서, 오늘(30일) 이한철 명곡 ‘슈퍼스타’ 리메이크 공개",연예
"아홉, ‘RUN TO YOU’로 여름 가요계 질주",연예
"'블랙호크 조종사♥' BMK, 돌연 사라진 이유..시각장애인 학교 교사 됐다",연예
‘토이스토리 5’ 165만 넘고 13일째 1위 [MK박스오피스],연예
"‘내일도 출근!’ 서인국, 최종 이별한 박지현에 직진..“주말에 시간 되겠네요?”",연예
아이들 ‘Gimme Dat Love’ 첫 MV 티저 오픈..손끝부터 시선 압도,연예
"‘연예계 대표 앙숙’ 강민아vs권소현, 누가 듣보잡일까(‘공감세포’)",연예
"판빙빙→이자벨 위페르, 부천국제판타스틱영화제 개막식 참석",연예
"문가영, 은은한 발그레 볼…더 깊어진 아우라 [화보]",연예
'런닝맨' 베트남 팬미팅 돌연 취소…현지 언론 '비싼 티켓 가격' 지적,연예
"김동현 ""해병대 시절 휴가 때마다 부대원 심부름""",연예
"“예능 나가도 병풍이었다”…산다라박, ‘선택적 함구증’ 진단 고백",연예
"김연자 “父 임종 열흘 후에 알아, 母는 큰 병 앓고 있는 중” 눈물(아침마당)",연예
‘스우파’ 새 시리즈=퍼디 전쟁…레전드 새로 쓸 안무가 누구?!,연예
"이홍렬, 상주 명단에 이름 올렸다…""부모님 안 계신 내게 유일한 어르신""",연예
"‘야구여왕2’ 김온아, ‘아시아 랭킹 2위’ 대만과의 경기에서 ‘홈런’으로 분위기 반전! 역대급 혈투 커밍순!",연예
"아이들,  올 여름 접수한다...신곡 ‘기미 댓 러브’ 티저 공개",연예
"‘베이비 부부’ 아내, 남편 위해 매일 왕복 8시간 운전 “기회 주고 밥도 떠먹여 줘”(‘결혼 지옥’)",연예
"“화가 안 멈춰” 분노했던 김희철, 손흥민 사과문에 ‘눈물 뚝뚝’",연예
"'어느덧 27세' 진지희, '빵꾸똥꾸' 전혀 못 알아볼 '갸름 턱선+성숙미'",연예
"'런닝맨' 베트남 팬미팅, 열흘 전 돌연 취소 ""불가항력적 사유""",연예
"‘싱어게인4’ TOP4 슬로울리, 화제의 100만 뷰 곡 ‘애매해’ 2일 발매…“현실 공감 R&B”",연예
"장서희, 드라마 컴백... '욕망의 덫'에서 최종 빌런 주미란",연예
"'사랑이 온다' 안희연, '8년 만 재회' 하석진과 엇갈린 시선",연예
"김규원, JTBC ‘아파트’ 캐스팅…첫 정극 연기 도전[공식]",연예
사고 후 의식 잃은 아들 외면했던 엄마…현실은 사춘기 아들에게 폭행피해,연예
"심형탁子 하루, 승마복 입은 리틀 프린스…손인사 너무 귀여워!(슈돌)",연예
"'7월 컴백' 아홉, 타이틀곡은 '런 투 유'..미니 3집 트랙리스트 공개",연예
"척추 질환 '마약성 진통제' 복용 아내,  8시간 운전 시킨 남편의 최후 [결혼지옥]",연예
"전혜진, 악역 서사 제대로 살렸다…소름 돋는 연기 차력쇼, 종영 앞두고 존재감 폭발 (신입사원 강회장)",연예
"리센느, ‘프리티 걸’ 콘셉트 포토 공개…사랑스러워",연예
"41세 남규리, 20대 같은 동안 미모…탄력 피부 '감탄'",연예
"안희연, 끝내 마주 보지 못했다…8년 만의 재회 예고 ('사랑이 온다')",연예
"여에스더, ♥홍혜걸과 5년 별거 끝 합가…'수입 0원' 남편에 수천만원 용돈 (동상이몽2)",연예
"‘규카츠’ 김규원, 지성 주연 ‘아파트’로 첫 정극 연기 도전",연예
"성시경, '노개런티' 뮤비 출연 문가영에 ""선물도 거절…고급 그 자체""('짠한형')",연예
"""K팝 안 들어도 BTS 알아요""…'아리랑'으로 방탄소년단 인기 '훨훨'",연예
"음주 뺑소니 김호중, 오늘(30일) 교도소 문 나선다‥5개월 남기고 석방",연예
"[공식] ""육영수 여사 저격 최초 영화화""…유해진X박해일X이민호 '암살자(들)', 추석 개봉 확정",연예
TXT 연준 ‘머리 띵’ 챌린지 벌써 뜨겁다..‘아이스크림’ 하이라이트 음원-안무 선공개,연예
"고준희, 55kg 몸매 유지 비결 ""다 돈이지 뭐..먹고 살려면 참아야""[순간포착]",연예
"김민정, 드라마는 언제 나오려나…1년 넘게 휴식기",연예
"임영웅 앞세운 SBS, 하반기 초반부터 강세",연예
"[단독] 량하, ♥김희와 결혼 준비 구체적 단계…""밀키트 사업·가수 복귀도 계획"" (인터뷰 종합)",연예
"손디아, 넷플릭스 다큐 ‘나는 생존자다’ 엔딩곡 ‘버즈’ 오늘(30일) 발매....따뜻한 위로 선사",연예
"전혜진 ‘연기 차력쇼’, ‘강회장’ 최고 시청률 경신",연예
"멜론 'Global-K Chart', 아이돌 팬덤 지표로 주목",연예
트레저 도영 ‘요즘 스타일~’[포토엔HD],연예
"김연자 “옛날 내 목소리 정말 예뻐, 부부싸움 난 적도”(아침마당)",연예
"세븐틴 V8, 글로벌 흥행 시동",연예
"김태리, 화보 비하인드컷도 다르네...독보적 비주얼",연예
"""264억 있다""는 말 믿고 8일 만에 혼인신고…알고보니 소개팅 앱 사기꾼 ('탐비')",연예
"""실수했다"" 이영자, '6억 대출' 윤남노 식당에서 제대로 플렉스 ""사랑 많이 베풀어야"" [종합]",연예
"‘가족관계증명서’, 얽히고설킨 운명과 관계성…스페셜 포스터 3종 공개",연예
"고준희, 피부 얼마나 얇길래…""의사도 시술 안 해주려고 해"" (고준희 GO)",연예
"아홉, 미니 3집 ‘런 투 유’ 트랙리스트 공개…멤버들 작사 참여",연예
"[단독] ‘영원한 오빠’ 이상민, 우승 감독으로 ‘유퀴즈’ 뜬다",연예
"김규선, 시험관 앞두고 임신… 결혼 9년 만 경사",연예
"박지훈, 7년만 아시아 팬콘 투어 ‘RE:FLECT’ 순항 중..매진 행렬",연예
"[사진]투어스 도훈,'강렬한 헤어컬러'",연예
"경서, 이한철 ‘슈퍼스타’ 다시 부른다…30일 리메이크 음원 발매",연예
"'내일도 출근!' 서인국, 첫사랑 작별 박지현에 한 걸음 더...시청률 찔끔 상승 4.5%[종합]",연예
"""홍명보 나가"" 성난 팬심에도 묵묵부답, 한정수 ""태도까지 최악"" 일침[MD이슈]",연예
"오윤아 발달장애 아들, 취업 성공 후 마라톤 완주까지 ""민이 최고""",연예
"한류스타 박용하, 오늘 16주기…여전히 그리운 얼굴",연예
"韓 영화의 희망 ‘호프’→‘스파이더맨4’, 7월 여름 극장가가 열린다 [SS무비]",연예
"""선수들 고생했다""던 김희철…손흥민 사과문에 '눈물' 응원[이슈S]",연예
위하준 이러니 섹시하지…지창욱 “자네 이제 뭐가 될 생각?” [DA★],연예
시청률 '12.1%' 신화 이을까…JTBC 구원투수 등장→첫방 2주 앞두고 기대 폭발한 韓 드라마 ('아파트'),연예
"또 방송용 썸이었다…김학래 子와 소개팅→8월 깜짝 결혼, 김나희 ""인연 따로 있어"" ('사랑꾼')[종합]",연예
[반론보도] 송하윤 학폭 제보자 “경찰 보완수사 후에도 검찰 송치 안 돼” 입장,연예
"""함께라는 이름으로 같은 계절 걷는다""…9월 결혼 류화영, '♥사업가' 얼굴 공개",연예
"‘별거 끝’ 여에스더, ♥홍혜걸에 수천만 원 용돈 다발 투척(‘동상이몽2)",연예
"'채무 불이행' JTBC와 법적 분쟁 중인데…여전한 인기 자랑한 '불꽃야구2', 시즌 4승 달성 [종합]",연예
"“화려한 데뷔에도 출세 못했다”…김연자, 7년 무명 고백",연예
"유스피어 시안, ‘케이팝업 차트쇼’ 스페셜 MC 발탁…생애 첫 진행 도전",연예
"윤종신 ""신곡 '지중해'는 지중해 크루즈 여행 중 쓴 노래""",연예
"[단독] 유아인, UAA 전속계약 종료..GD 소속사 갤럭시行 유력",연예
"‘아파트’ 지성, 의미심장 미소…‘간헐적 가족’ 7인방 포스터 공개",연예
"“화가 안 멈추네” 외쳤던 김희철, 손흥민 사과문에 ‘눈물’ 댓글 [IS하이컷]",연예
"서장훈, 연 매출 1000억 창업가와 뜻밖의 인연…""교문서 매일 마주쳐"" ('백만장자')",연예
영진위 '한국영화 시나리오 공모전' 대상에 김완 '우리 아이',연예
"'심형탁 아들' 하루, 핀 꽂으니 일본母 판박이..여자 아이 같아(슈돌)",연예
"김호중, 오늘 조기 출소…형기 5개월 남기고 가석방 [MK★이슈]",연예
"35세에 사망한 '릴로 & 스티치' 배우, 사인은 에이즈 [월드이슈M]",연예
"피프티피프티, 8월 1일 서울서 아시아 팬콘 투어 포문",연예
"'3천억 CEO' 여에스더, ♥홍혜걸과 5년 별거 끝 합가 ""수천만 원 용돈"" 반전 신혼 공개 ('동상이몽2')",연예
"이준혁, 호텔 총지배인 된다..'오싹한 연애'서 박은빈과 호흡 [공식]",연예
‘원조 연프’도 설렘만으론 부족하다…‘하트시그널5’의 딜레마 [D:방송 뷰],연예
"[사진]투어스 경민,'하트에 사랑을 담아'",연예
"컴백 앞둔 리센느, 'Pretty Girl' 콘셉트 포토 최초 공개",연예
"신지 ""나 때문에 힘든 건 아닌지 걱정""…문원 향한 미안함",연예
"이선민 ""과거 택배 상하차…지금은 매달 중고차 한 대 값 벌어""",연예
"머쉬베놈, 국가보훈부 손잡고 오늘(30일) 신곡 ‘꼬레아 사우스’ 발매",연예
"윤은혜, 13년째 솔로 고백…“완벽해도 불교면 안돼”(‘아근진’)",연예
"이혜성, 그동안 숨겨뒀던 글래머 몸매…국제 도서전 접수한 베이글녀",연예
"파우 요치, 화장품 모델 같은 아우라…‘플레이버’ 청량 티저 오픈",연예
"‘9월 결혼’ 류화영, 웨딩 화보 공개…프러포즈 다이아 반지 눈길",연예
"톰 홀랜드♥ 젠데이아, 현실에서 이렇게 달달한데…""함께할 수 없어 괴로워"" ('스파이더맨')",연예
"지연수 ""전 남편 일라이에 받는 양육비 85만원, 턱없이 부족해""…유튜브서 언급",연예
"홍명보 불명예 사퇴..'아빠' 이시언, 子와 첫 월드컵 응원도 무산 ""한 번 더 하는 줄""",연예
"유재석이 ""너 좀 치더라"" 극찬한 男개그맨 누구?",연예
"[사진]트레저 요시,'깜찍한 표정'",연예
"[사진]트레저 아사히,'돋보이는 청청패션'",연예
"성시경 ""문가영, 돈도 선물도 거절…예쁘고 고급져"" [짠한형]",연예
"에이티즈 성화·민기·종호, 파리 패션위크 점령…패션 아이콘으로 우뚝",연예
김동현 “해병대서 슬리퍼·물고기 심부름”…짠내 폭발,연예
"최초 오디션 스타 김연자 “데뷔 화려했는데 출세 못 해, 7년 간 무명”(아침마당)",연예
"장항준 감독, 韓영화 든든한 지원군 '하나코리아' GV 출격",연예
"""강재경을 믿지마세요""  전혜진 연기차력쇼  (신입사원 강회장)",연예
"에이티즈 성화·민기·종호, 파리 패션위크 접수 'K-스타일 아이콘'",연예
"유해진·박해일·이민호 ‘암살자(들)’, 추석 개봉 확정",연예
"“나쁜 여자야” 서효림, 이홍기 보자 포옹부터…변함없는 누나",연예
"모솔남 결혼하고 무기력에 개인파산…""모든 걸 이뤄 의욕 사라져""",연예
"김연자 ""마이크 멀리 떼는 노래 습관, 박명수가 말해줘 알게 돼"" (아침마당)",연예
"방탄소년단 '아리랑', 8주간 38억회 스밍…아일리시·마스·그란데 뛰어넘어",연예
"김대호, 알고보니 12년째 싱글? ""솔로 기간 비슷해""(홈즈)",연예
"“꿈의 무대가 무너졌다”…착잡한 손흥민, 34위 탈락후 첫 심경[전문]",연예
"[사진]투어스 신유,'모자보다 작은 얼굴'",연예
"'최현석 딸' 최연수, 26세 출산 비결 ""결혼 전부터 준비, ♥김태현과 금주·운동·영양제 섭취""",연예
"[사진]투어스 영재,'목발 짚고 밝게 볼 하트'",연예
"‘스파이더맨: 브랜드 뉴 데이’ 톰 홀랜드·젠데이아, ‘현실 연인’이 완성한 애틋한 관계성",연예
"리센느, 러블리 매력 폭발…‘Pretty Girl’ 콘셉트 포토 공개",연예
‘걸그룹→성형외과 실장’ 정은우 “프리스틴 왜 해체했나…회사에서 점점 밀려”[핫피플],연예
곽범=박보검? 이게 무슨 상황…오해 에피소드 (간절한입),연예
"강남 80평 빌라인데…백지영♥정석원, 층간 소음 토로 ""발소리 다 들려"" [RE:뷰]",연예
"""264억 계좌? 포토샵이지ㅋ""…8일 만에 혼인신고한 남편=전과자 '충격'",연예
김동현 “해병대 심부름병…어항에 물고기까지 사갔다”,연예
"손디아, '나는 생존자다' 엔딩 테마곡으로 따뜻한 위로",연예
BTS 공연 따라 여행 간다…숙소 검색량 최대 1000% 급증,연예
"성동일, 공효진 지킨다…사고사 위장 전문가 변신(유부녀 킬러)",연예
"TWS 영재, 목발 짚어도 여전히 다정해 [O! STAR 숏폼]",연예
"'닥터 섬보이' 신예은, 이재욱 포옹 엔딩 ""나한테 기대요""...시청률 4.5% [종합]",연예
"장서희, 악역 컴백…'욕망의 덫' 최종 빌런 됐다",연예
"박은빈, 양세종과 만날 때마다 티격태격하더니…귀신도 곡할 로맨스 [오싹한 연애]",연예
"류화영, 훈남 '사업가♥' 공개…9월 결혼 앞두고 웨딩화보 폭풍 업로드 [★해시태그]",연예
"모디세이, 오늘(30일) 자체 예능서 공포 특집 공개… “여긴 지옥이야” 무인도 절규",연예
"남규리, 팬이 찍어도 굴욕 없네…42세 맞아? ‘인형 비주얼’ 화제",연예
"변우석, 바쁜 일정에도 ‘KMA 2026’ 뜬다…시상자 확정",연예
"'열애 인정' 장기하♥윤가이, 첫만남서 찍은 투샷 보니…18살차 느껴지네 [엑's 이슈]",연예
류수영 “♥박하선과 보통 인연 아니라 느껴”…즉흥 상견례 비하인드 공개 (라스),연예
"""'흑백' 왜 안 나갔어요?"" 캐나다 5성급 호텔 출신 최용수 셰프, 청소년들 만났다",연예
"슈퍼주니어 려욱·산다라박, 송하영(프로미스나인)까지 총출동! SBS 라디오 핫라인업 /6월 30일",연예
"BMK 사라졌던 이유, 무대 대신 교단에 있었다",연예
"'오늘 가석방' 김호중, 곧장 연예계 복귀할까…""공연·방송 출연 가능""",연예
‘복수극의 여왕’ 장서희 돌아온다…‘욕망의 덫’ 8월 첫 방송,연예
"스타쉽 新보이그룹 에이엔, 일본 첫 쇼케 성공적 개최",연예
"BTS, ‘아리랑’으로 증명한 글로벌 인기…스트리밍 38억회 기록",연예
"전 남편 일라이 재혼 속..지연수 ""연애 안 해, 애 키우면 아플 틈도 없어""[스타이슈]",연예
"'상류사회' 김규선, 결혼 9년 만 임신…""시험관 시술 전 기적 찾아와""",연예
"'런닝맨' 베트남 팬미팅, 열흘 앞두고 취소 ""불가항력적 사유""[공식]",연예
"방송 복귀 막을 법은 없다…김호중 오늘 출소, 여론은 싸늘",연예
"김태리, 여름 바캉스룩의 정석…요트 위 청량 비주얼 [화보]",연예
"김희철, 손흥민 사과문에 '눈물 펑펑' 반응…안타까운 심경 [★해시태그]",연예
"차청화 “'오지게 재밌는 가시나들', 매 순간 소중했다”",연예
'BTS 컴백 드론쇼' 만든 男=조중규..'연 매출 1000억·7개 사업' 성공 스토리 [백만장자],연예
"김연자 “마이크 떼고 부르는 습관, 박명수 지적 전까지 몰랐다”(아침마당)",연예
"‘46세’ 김민경, 임신성 당뇨에 응급실까지…“고난의 연속” [IS하이컷]",연예
"‘9월 결혼’ 류화영, 예비신랑과 키스 웨딩화보 공개",연예
"류화영, ♥훈남 예비신랑 공개…""평범한 날들 특별하게 만들어줘""",연예
"김정난 ""홍윤화 무슨 암이냐""…방탄 팬덤 '아미' 듣고 오해 ('김정난')",연예
"[공식] 장서희, 최종 빌런 됐다…12년 만에 KBS 귀환, '욕망의 덫' 출연",연예
"故박용하, 오늘(30일) 16주기…너무 일찍 떠난 원조 한류스타",연예
"'10kg 감량' 성시경, 확 달라진 비주얼…""광어 170마리 먹고 뺐다"" [마데핫리뷰]",연예
"공효진, 아무나 못 입는 점프수트인데…'힙하게' 완벽 소화 [★해시태그]",연예
"'5000만 배우' 유해진, 박해일·이민호와 추석 컴백 '암살자(들)' 개봉",연예
"'복수의 여왕' 장서희, 3년 만 연기 복귀…'욕망의 덫' 최종 빌런",연예
"1974년 영부인저격사건, 영화'암살자(들)' 추석 개봉",연예
"장원영, 블랙 민소매 입자 드러난 극세사 몸매…또 리즈 경신",연예
"'더트롯쇼' 이수연, 임영웅 히트곡 '이제 나만 믿어요' 재해석",연예
트레저 하루토 ‘꾸밈없는 멋짐’[포토엔HD],연예
"폴킴, 日 오리지널 신곡 차트 인 성공 존재감 각인",연예
"'3천억 매출' 여에스더, ♥홍혜걸과 5년 별거 끝내더니..수천만원 용돈 투척(동상이몽2)",연예
트레저 최현석 ‘힙한 매력’[포토엔HD],연예
"임영웅, 2026년 6월 스타 브랜드평판 '정상'",연예
"'하트시그널4' 김지영, 출산 전 마지막 '배텐' 녹음…""괜히 여러 감정으로 복잡해져"" [★해시태그]",연예
보험 사기로 빚더미인데 남편은 게임만…아픈 아내 홀로 집안일,연예
"류수영 ""♥박하선과 오토바이 타며 '안전한 오빠' 벗어나..상견례 분위기까지"" 러브스토리 공개",연예
"아내, 8시간 남편 위해 새벽 운전 ‘충격’ (결혼 지옥)",연예
"아홉, 미니 3집 트랙 공개…""타이틀곡은, 런 투 유""",연예
트레저 소정환 ‘아련한 눈빛’[포토엔HD],연예
"김호중, 오늘(30일) 교도소 밖으로 나온다",연예
방탄소년단 ‘아리랑’ 청취 패턴 보니…기존 팝스타 뛰어 넘었다,연예
강남 건물주라더니…264억 자산가의 충격적인 정체,연예
"[이문원의 쇼비즈워치] 25만 관객, 스필버그란 이름값의 무게",연예
"BTS 슈가, 일론머스크 '스페이스X' 초기 투자자였다…예상 수익률만 '최대 40배'",연예
"'치과의사' 28기 정희♥광수, 달달한 돌싱 커플…육아 중에도 데이트는 열심히",연예
"'치과의사' 28기 정희♥광수, 달달한 돌싱 커플…육아 중에도 데이트는 열심히",연예
"김규선, 결혼 9년 만에 엄마 된다…“시험관 하루 전 임신 확인”",연예
"심형탁 子 하루, 승마복 입고 리틀 프린스 변신…포니도 ‘심쿵’ (슈돌)",연예
"'3천억 CEO' 여에스더, 남편과 5년간 별거 중이었다…""고집이 날 화나게 해"" ('동상이몽2')",연예
박하선·류수영 러브스토리 '라스'서 공개…첫만남 어땠길래,연예
트레저 도영 ‘강렬한 눈빛만 빼꼼’[포토엔HD],연예
[부고] 장경익(스튜디오드래곤 대표)씨 모친상,연예
"이선민, 리센느 원이와 뜨더니 수입 10배…""중고차 한 대값 번다"" [말자쇼](종합)",연예
"사회 복귀하는 김호중, 오늘(30일) 가석방",연예
"'라스' 류수영 ""요리책 발간 1년 만에 30쇄·레시피 조회수 4억뷰""",연예
"'심형탁子' 하루, 옆에 있는 포니보다 더 귀엽네…승마복도 찰떡 소화('슈돌')",연예
트레저 아사히 ‘센스 넘치는 멋짐’[포토엔HD],연예
"'성형외과 실장' 정은우, 프리스틴 해체 이유 밝혔다 ""우선순위에서 밀리다 보니""",연예
"이본, 27년 만에 가수 컴백…오늘 새 앨범 발매",연예
"아내는 3천억 원 매출, 남편은 0원 수입…용돈 수천만 원 주는  신혼 생활♥",연예
"장서희, 3년만 컴백..""'욕망의 덫', 최종 빌런"" [공식]",연예
"성동일, 공효진의 든든한 지원군…베테랑 팀장의 묵직한 존재감(‘유부녀킬러’)",연예
"앳하트, 어디로 튈지 모르는 러블리 매력..'Say It'",연예
"‘공감능력만렙’ 김명수, 감정전이가 불러온 핑크빛 무드...‘공감세포’ [오늘의 프리뷰]",연예
"허남준, 존재감 폭발…2026년 6월 라이징 스타 브랜드평판 1위",연예
"허남준, 존재감 폭발…2026년 6월 라이징 스타 브랜드평판 1위",연예
"허남준, 라이징 스타 브랜드평판 6월 1위",연예
"BTS, '아리랑'으로 글로벌 영향력 입증…총 스트리밍 53억 회 돌파",연예
"아이들, 본능 자극 서머송…한여름 끈적한 매력",연예
"김호중, 5개월 앞당겨 사회 복귀...음주 뺑소니 구속 767일 만 가석방 출소",연예
"'ACON 2026' 미야오·클로즈 유어 아이즈·키스오프라이프, BTS→빅뱅 스페셜 커버 무대 예고",연예
"김규선, 결혼 9년 만에 임신 성공…""내가 '임밍아웃' 할 줄이야""",연예
"고은성 “뮤지컬 '드라큘라', 고민할 이유가 없는 작품”",연예
[인사] EBS,연예
"문원 “♥신지, 사랑스럽지만…무서운 건 매일” 매운맛 고백 (귀한가족)",연예
박은빈♥양세종 한 침대에서…어머나 세상에 (오싹한 연애),연예
순백 웨딩드레스 입은 류화영… 예비신랑 얼굴 공개까지,연예
"[공식]김규선, 결혼 9년 만에 엄마 된다 ""시험관 하루 전 임신""",연예
‘독기 품고 돌아왔다’…‘야구여왕2’ 메인 포스터·티저로 기대감↑,연예
"‘박수홍♥’ 김다예, 90kg→52kg 감량 성공…“야식 끊고 혈당 관리”",연예
"'매출 3000억 사업가' 여에스더, 이혼설 입 열었다",연예
"‘스토브리그 일본판’ 카메나시 카즈야, 아나운서 출신 배우와 결혼+임신 동시 발표",연예
“성별 정정하려 했는데‥” 동성애자 의뢰인 “여자로 보여” 이수근 깜짝 (물어보살),연예
"성시경 “문가영, 너무 예뻐…고급 그 자체” 극찬 (‘짠한형’)",연예
"류수영 ""♥박하선과 오토바이 타며 '안전한 오빠' 벗어나""..러브스토리 공개 [라디오스타]",연예
"태연, 일본 인기곡 '만찬가' 리메이크",연예
"윤은혜 ""종교 다른 남자 못 만나… 십일조는 내가 대신 낼 것"" 이상형 고백",연예
“15살에 임신” 17살 싱글맘에 서장훈 충격 “고딩엄빠 아닌 중딩엄빠” (물어보살),연예
"류수영 ""♥박하선과 홍천서 사랑 키워"" [라스]",연예
"게임 삼매경 남편..아내 ""밥도 떠먹여 줬는데"" 유산까지[결혼지옥]",연예
“K팝 안 듣는데 BTS는 듣는다” 팝스타 제친 앨범,연예
"박지훈, 亞 3개국 팬콘 전석 매진",연예
"슬로울리 온다, 100만뷰 화제곡 ‘애매해’ 들고",연예
"류수영 “박하선, 뮤지컬 보고 반했다”…오토바이 데이트로 시작된 12년 러브스토리",연예
"김규선, 결혼 9년만 엄마 된다…시험관 시술 앞두고 자연 임신(�熾痼鎌�)",연예
안동구·조혜정 '포커스' BIFAN 초청…K호러 인기 잇는다,연예
'우리아빠좀비' BIFAN 첫선…유재명·오달수·이시언 직접 인사,연예
"여에스더·홍혜걸, '이혼설' 종결 근황..""'동상이몽2'서 맹세할게요"" 무슨 일이",연예
TWS(투어스) '해바라기 같은 42!'[★영상],연예
"1974년 영부인 저격 사건 최초 영화화…유해진·박해일·이민호 ‘암살자(들)’, 추석 개봉",연예
"방탄소년단, 38억 스트리밍에 역대 최고 팬덤…데이터로 보니 더 놀랍네",연예
서인국♥박지현 회사 밖에서도…가까워졌다 (내일도 출근),연예
'토이스토리5' 165만 돌파 1위…신민아 '눈동자' 2위 [MD박스오피스],연예
"성시경 '도둑촬영' 오해에 결국 폭발 ""가게 소개하고 돈 받은 적 없어""",연예
트레저 '멋진 보물들!' [★영상],연예
"'축알못' 김희철, 남아공전 작심 발언하더니…손흥민 사과문에 '눈물' 남겼다",연예
"[공식] 물들어왔을 때 노 젓는 '리센느', 7월 컴백…카라 '프리티 걸' 리메이크",연예
"'돌싱' 박지윤, '11세 연하' 허남준에 사심 폭주…""입꼬리 안 내려와"" [RE:스타]",연예
"콘도 마사히코, 데뷔 47년 만에 첫 韓단독 콘서트 ""기쁘고 감사해""",연예
"고준희, 스피치 레슨 받는 열정 “얼굴 보다 대본 봐야 하는데”(고준희GO)",연예
"'유부녀 킬러' 성동일, 공효진 지원군 출격…역대급 반전미까지",연예
"김호중, 오늘(30일) 가석방 출소…5개월 일찍 사회로, 발목 수술부터 받는다 [엑's 이슈]",연예
"""데뷔 47년만 韓콘서트 기뻐요"" '긴기라긴니' 콘도 마사히코, 역시 레전드!",연예
"김민경, “내가?” 이백이십만 번 외쳤다…46세 첫 임신, 임당 현실화",연예
"박지훈, 팬콘 투어 또 매진…""홍콩·타이베이, 솔드아웃""",연예
"최성국, ‘24세 연하♥’ 아내 노래 실력 비결 있었다…뮤지컬 배우 지망생 (조선의 사랑꾼)",연예
"‘41세’ 고준희, 173cm에 55kg 유지 비결…“다 돈이지 뭐”",연예
"신지♥문원, 결혼 후 첫 여행…“사람 많은 곳 두려워” 속내 첫 고백",연예
"신지 ""평생 주기만 하다가..♥문원 만나 기대는 법 배워"" 고백 [귀한 가족]",연예
"'재혼' 일라이, 양육비 85만원…지연수 ""마음 비우고 알바""",연예
"세븐틴·있지→비비·NCT 드림…‘토이 스토리 5’, K팝 스타들도 사로잡은 흥행 열풍",연예
"고준희, 피부과에 지갑 닫은 이유 “의사들 거절” 얼굴 다치면 병원 힘들어질 것(고준희GO)",연예
"""남편으론 박보검·변우석""…간미연, '윤은혜 배우자' 강력 추천 [아근진]",연예
"'취업 성공' 오윤아 '발달장애' 子, 한강 완주에 마라톤까지…'늠름' 자태",연예
투어스 도훈 ‘치명적인 왕자님’[포토엔HD],연예
"스트라드비젼, 상장 첫날 장 초반 공모가 밑돌아",경제
"한국제16호스팩, 상장 첫날 공모가 대비 90%대↑[특징주]",경제
"KB금융, 긱워커 맞춤형 금융 지원 확대한다",경제
美 중산층도 적자 전환…생활비 위기의 핵심된 식료품값,경제
양산 물금읍 10년 만의 새 아파트… ‘힐스테이트 양산더스카이’ 분양 열기,경제
"패스트파이브, 쉬었음 청년 위한 '기업 라운딩' 진행",경제
"수출입은행, 퓨리오사AI에 200억 투자…창사 이래 최초",경제
"코스피, 美 증시 반등에 상승 출발…KB금융·삼성전기↑",경제
[인사]한국교직원공제회,경제
"[특징주] 삼성전자, 장초반 2% 가까이 상승…하닉은 강보합",경제
"관광공사, 기업복지 플랫폼과 근로자휴가지원 사업 홍보",경제
"[속보]삼성전기, 글로벌 빅테크와 4500억 MLCC 공급 계약",경제
"크라운제과 찐감자 스낵 어썸, 4번째 에디션 ‘체다치즈’ 출시",경제
상승 출발한 코스피,경제
미국발 훈풍에 코스피 상승 출발...코스닥은 ↓,경제
"에쓰앤씨, 박지훈·최호석 각자대표이사 선임",경제
"삼성전기, 4540억 규모 MLCC 공급계약",경제
"(주)다하미커뮤니케이션즈, 디지털 전자신문 솔루션 ‘티페이퍼’ 배리어프리 인증 획득",경제
"'60조+α' 캐나다 잠수함 막판 변곡점…한화오션, K조선업 새 역사 쓸까",경제
"유비온, 주주서한 공개…AI 플랫폼 전환·주주환원 계획 설명",경제
"변호사 작성 문서, 카톡으로 전달…디지털 법률 서비스 확대",경제
상승 출발한 코스피,경제
"50억원 규모 자사주 취득… 심팩, 장 초반 8%대↑",경제
"위닉스, AI 라이브커머스 강화로 고객 접점 확대 드라이브",경제
"[게시판] 신한은행, 외국인 직접투자 전용 에스크로 서비스",경제
"서금원, 신복위 소액금융 보증 출시…채무조정 성실상환자 최대 1500만원 지원",경제
상승 출발한 코스피,경제
"SK케미칼, 유연성 높인 데코시트 개발…""인테리어·건자재 시장 공략""",경제
홈플러스 운명 'D-3'…2000억원에 달린 '生死',경제
코스피 상승-코스닥 하락 출발,경제
코스피 상승-코스닥 하락 출발,경제
"폴라리스그룹, 싱가포르 상장사 사명 '폴라리스E&M'으로 변경",경제
[오늘의신상]조선호텔 맥주 나온다…獨양조장과 공동 개발한 '조선 라거',경제
"KB금융 ""배달 라이더 등 '긱워커'에 맞춤형 금융지원""",경제
"코스피 상승 출발, 원달러환율도 강보합",경제
"K-팝이 바꾼 아태지역 여행 지도… 부킹닷컴, 공연 도시 숙소 검색량 최대 1000% 폭증",경제
"코스피, 상승 출발",경제
상승 출발한 코스피,경제
수도권 1~5월 신규 분양세대 1만8941세대…경기가 72.5%,경제
"현대차, 2026 지속가능성 보고서 발간…ESG 리스크 대응 강화",경제
일본 돈키호테 입구 채운 GS25…PB 수출 50만개 넘겼다,경제
"현대그린푸드, 전국 사내 카페 재단장…새 명칭은 '카페 그리팅'",경제
"코스피 상승세, 코스닥은 등락",경제
"한성크린텍, AI·반도체 메가 프로젝트 수혜 기대…'첨단산업 물 인프라' 중요성에 ↑",경제
"트럼프 ""주유소, 즉시 가격 내려야…안그러면 큰 문제 닥칠것""",경제
"올해 첫 실권주 발생한 스트라드비젼, 상장일 공모가 하회…25%대 하락",경제
"다날에프엔비 달콤.N, 여름 맞이 시즌 음료 3종 선보여…""시원함으로 무더위 공략""",경제
"팀카이, 오픈AI 협업 프로그램 '열림' 선정",경제
"코스피, 장초반 8470선 회복…코스닥도 동반 상승",경제
"삼성전자, 충당금 반영에도 영업익 80조 달성 전망...목표가 59만↑ -신한證",경제
현대홈쇼핑 '제4회 친환경 어린이 그림 대회' 개최,경제
국민연금 50조 매물 폭탄 D-1 커지는 불안,경제
기름값 잡혔지만 ‘강달러’ 지속… 금리인상 가능성에 환율 더 오르나[글로벌경제 인사이트],경제
"크래프톤, PUBG 성장세 지속…신규 IP도 기대-유안타證",경제
GH·한국장애인개발원 맞손…건설 자재까지 '중증장애인생산품' 대폭 확대,경제
美 공급 부족한 주택만 400만채… 규제 완화·민간금융 투자 확대로 활로 모색[글로벌경제 인사이트],경제
"""스튜어드십 코드 개정안 환영하지만, 보완책도 필요""",경제
"현대그린푸드, 사내 카페 전면 리뉴얼…""가성비·친환경 매장 확대""",경제
[인사] 해양수산부,경제
하반기 관광기금 융자 3천700억원 공급…작년보다 98% 확대,경제
"요진건설, 어린이 장학금·국가유공자 노후주택 무료보수 통해 세대 잇는 나눔",경제
"비욘드메디슨, 日 최대 스타트업 행사 IVS2026 참가…현지 시장 진출 본격화",경제
녹차정식 먹고 달항아리 감상… 초록고장서 ‘고요한 쉼표’[농촌愛올래],경제
"동원F&B, 직화로 불맛 살린 ‘양반 비빔드밥 솥밥’ 3종 출시",경제
상장 5거래일 만에 2000억 몰렸다…ACE K반도체TOP2+ ETF 흥행,경제
"‘성과급탓’키움증권“삼전,2분기 영업익100조 하회”",경제
“강남은 전세 주고 강북으로”… 자산가들 ‘파크로쉬 서울원’에 몰린다,경제
"쿠팡, 설화수·피지오겔 등 '뷰티 매거진' 기획전…""브랜드 인지도 확대""",경제
"전용 통장부터 대출·보험까지…KB금융, 긱워커 맞춤형 금융지원 확대",경제
"쓰리빌리언, 국제 머신러닝 학회서 논문 채택 “AI 기술력 입증”",경제
"신한운용 TDF, 수탁고 1.87조원…연초 이후 설정액 증가 1위",경제
"KCC실리콘, 고기능 실리콘 소재로 K-뷰티 시장 공략",경제
"‘3대 메가 프로젝트’ 한 축인 피지컬 AI…“로봇 산업, 중장기 투자 논리 강화”",경제
쿠팡 '뷰티 매거진' 발행 기념 기획전…2만원 이상 구매 시 5000원 할인,경제
"하버드 석좌교수·인간게놈프로젝트 핵심 연구자, UST 특임교원 합류",경제
"키움증권, 퇴직연금 출시 기념 발행어음 특판…연 4.0% 제공",경제
"권익위 ""공익사업 후 남은 땅, 원래 용도 못 쓰면 매수해야""…국토부 수용",경제
"스트라드비젼, 코스닥 상장 첫날 호된 신고식…30% 급락",경제
"모나용평, 'KLPGA 명문' 버치힐CC 대중형 골프장 전환…골프·휴양 결합 경쟁력 강화",경제
"모나미, 브랜드 헤리티지 강화…흑백 디자인 문구 3종 출시",경제
"지커 코리아, ‘7X 테크 워크샵’ 시장 접근력 키우는 이유",경제
"""밀가루 부담 없이 즐기는구수한 풍미"" 샘표, '메밀 쌀소면' 출시",경제
"더본코리아, 상생위 1년…가맹점 개선 과제 128건 완료",경제
"“스페이스X 따라잡는다”…로켓랩, 80억달러 들여 위성통신 이리듐 인수",경제
"원·달러 환율, 2.1원 내린 1543.1원 출발",경제
"W컨셉, 패션 소상공인 육성한다…사업설명회 개최",경제
"""불법 브로커에 칼 빼 든다""…기보, 제3자 부당개입 집중신고 운영",경제
"""AI 입은 소상공인 키운다"" 소진공, 1000개사 본격 지원",경제
코스피 상승-코스닥 하락 출발,경제
"KCL, 美 미시간에 전기차 배터리 시험소 열어",경제
해외광물자원개발협 정기총회… 시장동향·공급망대응 등 논의,경제
오늘부터 신종피싱 의심 계좌도 즉시 거래 차단된다,경제
"어촌어항공단, 휴양마을 추천… 해양레저·캠핑 등 테마 11곳",경제
"삼성전자 반도체 터 닦는 삼성E&A…iM증권, 목표가 6만7000원 제시",경제
"한국앤컴퍼니그룹, 카이스트와 AI 인재 육성…배터리 성능 예측팀 대상",경제
국내여행 다시 늘었다…1인 평균 6.5회 여행·85만원 지출,경제
스트레티지 “코인팔아 주가방어”…최대 12.5억달러 매각 가능성,경제
"코스피, 상승 출발해 8,400대…코스닥은 하락",경제
"코스피, 상승 출발해 8,400대…코스닥은 하락",경제
"코스피, 상승 출발해 8,400대…코스닥은 하락",경제
"오가노이드사이언스-화순전남대병원, 오가노이드 뱅크 구축 협력",경제
'집값 급등' 동탄·기흥·구리 규제지역·토허구역,경제
"포르쉐코리아, 삼성카드와 손잡고 ‘전략적 업무 협약’",경제
당장 입주할 새 집 실종…5월 준공 실적 ‘반토막’,경제
"""400도 직화로 풍미 가득"" 동원F&B, 불맛 살린 냉동 솥밥 출시",경제
[단독] 국민연금 6000억 부동산 펀드 4파전…미래에셋·코람코 등 숏리스트,경제
호남 반도체 800조 투자 현실성은…증권가 “전력·용수부터 넘어야”,경제
"“경차 사려다 SUV 뽑는다”…차즘, 차량 견적 62만건 분석 결과 공개",경제
"'인수설' 롯데손해보험, 연속 급등세…12%↑[특징주]",경제
"이개호 국회의원 “호남 반도체 투자 환영, 첨단3지구 최적”",경제
"테크로스 워터앤에너지, 500억원대 SK하이닉스 수처리 공사 수주",경제
'음료 3잔 횡령' 알바에 합의금 뜯은 빽다방 점주…'강제 폐업' 철퇴,경제
"""그림자·반사까지 구현한다""…SKT, 'AI 영상 합성 기술' 해외 학회 논문 채택",경제
"日증시, 美 기술주 반등에 상승 출발…닛케이지수 0.89%↑",경제
"SKT '고객센터 연결 대기, AI가 대신 맡는다'",경제
"SKT, 고객센터 통화 대기부터 일정 관리까지 AI가 돕는다",경제
"삼성전자, 장 초반 상승…미국 기술주 상승 훈풍",경제
"SKT 에이닷, AI 에이전트 기능 강화",경제
"러닝할 때 간편하게 쏙…남양유업, 짜먹는 에너지젤 '테이크핏 부스터' 출시",경제
"GS25, 돈키호테 협업 강화…日 매장에 '유어스' 상품 판매",경제
"파리바게뜨, 영국 런던에 7호 매장…“리치몬드 상권 공략”",경제
"대원제약, 부패방지·준법경영 시스템 통합 인증 획득",경제
"스트라드비젼, 상장 첫날 공모가 대비 28%↓[특징주]",경제
[인사] 한국전기안전공사,경제
탱크데이 이어 '625% 침투'…유통가 덮친 '역사 감수성' 논란,경제
"HLB펩, 日펩티그로스와 CDMO 본계약 체결…기능성 펩타이드 글로벌 시장 공략 본격화",경제
"""20만원 내면 40만원 여행""…근로자휴가지원사업, 30만 직장인 공략",경제
"에이스바이옴, '도쿄 라이프스타일 위크' 참가…""비에날씬 판로 확대""",경제
"""싱가포르에 의료AI 공급""…뉴로핏, 동남아 '가속도'",경제
[친절한 경제] 박사 3명 중 1명은 '백수'…구직 포기도 늘었다,경제
"아이엘, 삼성전자 종합기술원·화웨이 최고기술자 출신 정문식 교수 영입",경제
"삼성증권 ""SK, 메가프로젝트 수혜주…목표가 42% 상향""",경제
“아파트 공동생활 매너 갈수록 심각”…쓰레기 방치보다 심각한 1위는?,경제
"다하미커뮤니케이션즈, 디지털 전자신문 ‘티페이퍼’ 배리어프리(BF) 인증 획득",경제
"HLB파나진, AOC 핵심 특허 출원·정부 지원사업 선정",경제
"5월 산업생산 소폭 감소, 반도체 생산은 두 자릿수 감소",경제
"[속보] 코스피 0.26% 오른 8,416.70 개장",경제
"코스피, 美 기술주 반등에 소폭 상승 출발…8410선 등락",경제
"대원제약, 부패방지·준법경영 국제 인증 통합 획득",경제
"원/달러 환율, 2.1원 내린 1543.1원 출발",경제
"""독립정신 잇는 후손들, 어렵지 않도록""…자생한방병원, 독립유공자 후손에 장학금 수여",경제
"무신사 뷰티, 선세럼 거래액 149% 증가…검색량도 148% 늘어",경제
"코오롱모빌리티, 月 중고차 판매량 1000대 돌파…""年 2만대 목표""",경제
"뉴로핏, 싱가포르 래플즈병원에 ‘뉴로핏 아쿠아’ 공급",경제
"키움증권, 연 4.0% 금리 발행어음 특판…""퇴직연금 출시 기념""",경제
"두나무, 준법 경영 실천 서약식 개최…""이용자 보호·시장 신뢰 강화""",경제
"쿠팡, '뷰티 매거진' 발간 기념 기획전 진행…""3000여개 제품 할인""",경제
"LG화학, 변이 고형암 신약 후보물질 美FDA 임상 1·2상 승인",경제
반도체 생산 두 자릿수 감소…산업생산 두 달 연속 마이너스,경제
"코스닥, 4.64P 오른 925.21 출발(0.50%↑)",경제
"서울시, 제기동 ‘경동한옥마을’ 밑그림 그린다⋯ 디자인 아이디어 공모",경제
"다우, 사상 첫 5만2000선…거품 우려 불식 [뉴욕증시]",경제
"롯데웰푸드·일본 롯데제과, 합작법인 출범...신유열 부사장 총괄",경제
고분양가도 못 막았다…장위·노량진 특공 '두 자릿수 경쟁률',경제
"'관악땡겨요상품권' 10억원 발행…""최대 28% 할인효과""",경제
"삼성전자, 전통시장서 '감사 페스티벌' 현장 홍보…골목상권 '활기'",경제
"롯데멤버스, '엘포인트 글로벌 멤버십' 새단장…""외국인 회원 200만 목표""",경제
"'일과 휴식을 함께' 함평군, 블루 워케이션 참가자 모집",경제
"두나무, 준법경영 실천 서약식…""투명한 거래질서 확립""",경제
美 반도체주 강세에 삼성전자 3%↑SK하이닉스 2%↑[핫스탁],경제
5월 산업생산 전월 比 0.3%↓…중동 리스크 여진에 2개월 연속 하락세(종합),경제
[그래픽] 주요 지역 장기보유특별공제액 현황,경제
"폴라리스그룹, 싱가포르 상장사 사명 'Polaris E&M'으로 변경…글로벌 허브 구축",경제
"코스피, 22.05P 오른 8425.35 출발(0.37%↑)",경제
"미 기술주 상승 여파에…코스피, 0.26% 소폭 상승 출발",경제
"삼성카드, 포르쉐 제휴카드 내놓는다",경제
"코스피, 0.26%(22.05포인트) 오른 8416.7 출발",경제
전남광주특별시의회 1호 안건은 ‘반도체산업지원’,경제
"자큐보 캐시플로우로 신약 투자… 온코닉, 선순환 본격화 [Why 바이오]",경제
"삼성SDI, 목표가 70만원 하향…""ESS 성장성은 유효""-iM",경제
"코스피, 0.26% 오른 8416.70 출발…코스닥은 약보합",경제
"[속보] 코스피 8416.70(▲22.05p, 0.26%), 원·달러 환율 1543.1(▼2.1원) 개장",경제
"KT, '2026 ESG 보고서' 발간…2006년부터 20년째",경제
"제주 항공 좌석난, 국회 차원 논의 본격화",경제
"SK, 2100조 투자 메가 프로젝트 수혜 톡톡…목표가 42% 상향-삼성",경제
"'K전력' 산업 선도하는 구자은號 LS…""AI 확산 슈퍼사이클 선제 대응""",경제
구직자 관심 1위 'SK하이닉스'…현대차·방산 기업 뒤이어,경제
"SK케미칼, 탄성소재 적용 유연 데코시트 개발",경제
"장애인 취업상담, 집 가까이에서 받는다…공단 ‘찾아가는 상담’ 확대",경제
'풍선효과·반도체 탄 집값' 동탄·기흥·구리도 묶었다,경제
"SM그룹 SM하이플러스, 라이프스타일 맞춤형 ‘구독패스’ 출시",경제
신규화학물질 74종 공개…43종서 급성독성·피부부식 등 유해성 확인,경제
"[속보]코스피, 0.26% 오른 8416.70 출발…코스닥은 925.21",경제
"5월 산업생산 소폭 감소, 반도체 생산은 두 자릿수 감소",경제
"지그재그, 여름 이미용 기기 거래액 2배 증가",경제
"SK인텔릭스, 나무엑스 AI 건강상담 서비스 '마이 헬스케어' 선봬",경제
"11번가, 온누리 상품권 결제 서비스 개시…전용관도 열어",경제
AI 대전환 골든타임…구윤철 “모든 산업에 AI 접목하는 ‘X+AI’ 추진”,경제
"대한항공-아시아나, 합동 보안문화 워크숍",경제
"LG엔솔, NMP 재활용률 97%로 높였다…ESG 보고서 발간",경제
"5월 산업생산 소폭 감소, 반도체 생산은 두 자릿수 감소",경제
"동탄·기흥·구리, 규제지역 지정…대출규제에 갭투자 못한다(종합)",경제
"5월 산업생산 소폭 감소, 반도체 생산은 두 자릿수 감소",경제
"더본코리아, 상생위 출범 1주년…""점주와 함께 동반 성장 이어갈 것""",경제
"""K-뷰티 차별화된 기능성 소재 소개""…KCC실리콘, 국내 최대 화장품 원료 전시회 '인-코스메틱스 코리아 2026' 참가",경제
"테크로스 워터앤에너지, 500억 원대 SK하이닉스 폐수처리 공사 수주",경제
"[속보] 코스피, 0.26% 오른 8416.7 출발 [fn개장시황]",경제
녹용 건강기능식품 시장 확대…프리미엄 원료 경쟁 본격화,경제
삼전·닉스 숨 고르기에 코스피 약세...오늘 증시는?,경제
"지재처,  ‘대한민국 지식재산 검색 챌린지’ 개최",경제
"롯데웰푸드·日롯데제과, 싱가포르 합작법인 세운다",경제
대기업 오너일가 주식담보대출 1년 새 2.4조 감소…삼성가 빼면 오히려 증가,경제
"코스피, 상승 출발해 8,400대…코스닥은 하락",경제
"이노비즈협회, 제1회 사랑나눔 골프대회 개최",경제
"삼성전자, 전통시장서 감사 페스티벌 홍보…온누리상품권 혜택 알린다",경제
[속보] 코스피 22.05포인트(0.26%) 오른 8416.70 출발,경제
"'테이크핏' 젤리로 즐긴다…남양유업, 기능성 에너지젤 출시",경제
"LG에너지솔루션, ESG 성과 담은 6번째 보고서 발간",경제
[코스피] 22.05포인트(0.26%) 오른 8416.70 출발,경제
[코스닥] 4.64포인트(0.50%) 오른 925.21 출발,경제
"[속보] 원·달러 환율, 2.1원 내린 1543.1원 개장",경제
美 석탄 부활…탄소 감축도 역주행 [ESG 뉴스 5],경제
원·달러 환율 2.1원 내린 1543.1원 출발,경제
"롯데글로벌로지스, '2025 지속가능경영보고서' 발간",경제
[속보]삼성전자 반도체 성과급·5억 주담대 약속 후 '집값 급등’ 동탄·기흥·구리 규제지역·토허구역 지정,경제
"파리바게뜨, 런던 리치몬드에 7호점…영국 프리미엄 상권 공략",경제
"K푸드 열풍 타고…GS25, 日 돈키호테 공략 확대",경제
"오뚜기, 2050 탄소중립 전략 담은 지속가능경영보고서 발간",경제
"바이오니아 자회사 에이스바이옴, 롯데홈쇼핑과 MOU 체결",경제
"삼성전자, 인덕션 후드로 쾌적해진 주방공간",경제
"삼성전자, 대화하듯 말 걸면 옷감 따라 세탁·건조",경제
"삼성전자, 말 한마디로 집 안 곳곳 쾌적하게",경제
"삼성전자, 사흘마다 알아서 정수기 살균",경제
"삼정KPMG, 컨슈머 IPO 전략 공유 [시그널]",경제
"삼성전자, 에어컨이 사용자 위치 파악…생각 읽고 알아서 쾌적하게",경제
[코스닥] 4.64p(0.50%) 오른 925.21 출발,경제
"현대百, 안전보건경영 국제표준 ‘ISO 45001’ 인증 획득",경제
"AI 데이터센터 전력 수요 증가…솔루엠, 전력 솔루션 사업 영역 확대 추진",경제
"SK케미칼, 스카이펠 적용 유연한 데코 시트 개발",경제
"싸이터, 52억 시리즈A 투자 유치 성공… 선박 생애주기 보안 기술력 인정받아",경제
"“보안은 모두의 책임”…대한항공·아시아나, 통합 보안문화 첫발",경제
"SK인텔릭스, 웰니스 로봇 ‘나무엑스’에 AI 건강상담 서비스 선보여",경제
"[속보] 원·달러 환율, 2.1원 내린 1543.1원 개장",경제
"""SK하이닉스, 미 증시 진출로 '메모리 대장주' 지위 재부각""-신한",경제
"싸이터, 52억원 규모 시리즈A 투자 유치",경제
"삼성전자, 냉장고 문 열어놔도 스스로 온도 조절",경제
"엔에스브이, 땅 울려도 건물 설비 흔들림 없게 고정",경제
"한국중부발전, 발전 설비가 겪은 일 AI로 매일 아침 브리핑",경제
"식품안전정보원, 수입 식품 90초면 원료 검사",경제
'바이 유러피안' 맞춤 대응한다..K방산 유럽 현지화 속도,경제
"KB금융그룹, 소상공인·청년 곁 지키는 상생금융에 앞장",경제
"신동빈 '원롯데' 식품부터 '결실'…신유열, 아시아 컨트롤타워 맡는다",경제
"청호나이스, 하루 770알 제빙…몸집 작아도 성능은 막강",경제
"삼성전자, 걸어만 두면 주름·냄새 제거…더 강해진 AI",경제
전략경제 포럼 참석한 구윤철 부총리·박영선 위원장,경제
"코웨이, 물 내릴 때 퍼지는 세균도 잡는다…차원 다른 욕실 위생 케어",경제
원·달러 환율 2.1원 내린 1543.1원 개장,경제
"코웨이, 맑은 공기 더해 온풍 솔솔…사계절 쾌적하게",경제
"문동민 한국표준협회장, 'AI 혁신' 신설…미래 이끌 혁신기업 발굴",경제
"삼성전자, 오늘 뭐 먹지? 냉장고가 스스로 레시피 추천",경제
"LG전자, 서랍형 냉동고 허리 안 굽혀도 쉽게 꺼내요",경제
"임성욱 한국품질경영학회장, 디지털 전환 시대…'맥락 파악'이 곧 품질",경제
"코어라인소프트, 美 3DR Labs와 4년째 협력…AVIEW 사용량 60% 증가",경제
"뉴트리 에버콜라겐, 신제품 ‘에버콜라겐 워터풀 앰플’ 출시",경제
"LG전자, 국내 최대 용량 세탁·건조…빨래의 모든 불편 없앴다",경제
"엑스큐어, AXG엑스큐어코리아 설립 완료…RWA 인프라 사업 본격화",경제
"""전통시장, e커머스로 옮겼다""…11번가, 온누리상품권 결제 오픈",경제
서남권 반도체 산단 찾은 김성환 장관 “차질없는 전력·용수 공급”,경제
'고객 경험·지속가능 성장'…미래 이끄는 기업의 비결,경제
"[속보] 집값 급등한 동탄·기흥·구리, 추가 규제지역 지정…1일부터 효력 발휘",경제
청주·무주 등 5곳 투자선도지구 선정…민투 7875억 유치,경제
"2026 대전베이비키즈페어, 7월 9일 개막…임신·출산·육아 정보 소개",경제
"싸이터, 시리즈A 투자 유치…해양 방산 사이버보안 사업 확대 추진",경제
"코스피 8416.70(▲0.26%), 코스닥 925.21(▲0.50%), 원·달러 환율 1543.1원(▼2.1원) 개장[시황]",경제
"서비스로봇 전문기업 라이노스, 키논로보틱스와 전력적 파트너십 체결",경제
[코스피] 22.05p(0.26%) 오른 8416.7 출발,경제
"테크로스 워터앤에너지, SK하이닉스 용인 반도체 클러스터 수처리 공사 수주",경제
"하이퍼네트웍스, 미국 물류기업 DPS와 업무협약…미국 커머스 사업 협력",경제
[스팟]코스닥 4.64포인트(0.5%) 오른 925.21 출발,경제
"삼성전자, 냉장고 속 식재료 파악해 레시피 추천",경제
"엠플러스, '코스닥 커넥트 2026' 부스 운영 기업 선정…기관 대상 기업가치 제고 전개",경제
"삼성전자, 저소음·고효율 갖춘 히트펌프 보일러",경제
"삼성전자, AI 가전…일상 대화로 기능 제어",경제
[달러·원] 환율 2.1원 내린 1543.1원 출발,경제
"청호나이스, 상하로 움직이는 토출부…실내 공기 입체 순환",경제
[코스닥] 4.64p(0.50%) 오른 925.21(개장),경제
"새롬테크, 소방배관 한계 넘은 알루미늄 복합관 개발",경제
"씨아이테크, AI 학술대회서 우수논문상 수상",경제
"연구개발특구진흥재단, 코스닥 상위 딥테크 7곳 키운 성장 플랫폼",경제
"블루오션산업, 발전소 멈추는 클링커, 첨가제 기술로 줄였다",경제
"LG전자, 지저분한 그릇…더 오래 더 깨끗이 자동 세척",경제
"삼성전자, 1.96㎏ 슬림 디자인으로 좁은 틈도 강력 흡입",경제
"현대그린푸드, '사내 카페' 강화… '건강 콘셉트'로 전면 리뉴얼",경제
"[코스피] 22.05p(0.26%) 오른 8,416.70(개장)",경제
"삼성전자, 반찬통 손글씨 알아보는 '생성형 AI 냉장고'",경제
준공 완료 단지 오목천역 더리브 잔여 세대 무순위 공급 진행,경제
"LG전자, 반려동물 흔적 피해 똑똑하게 스팀 청소",경제
"해양 사이버보안 전문기업 싸이터, 시리즈A 52억원 투자 유치",경제
"GS엠비즈, AIoT 기반 전기차충전소 원격전원관리시스템 실증특례 승인",경제
"한국동서발전, 발전기 고장 없도록 미세 징후 조기 식별",경제
투자선도지구 5곳 선정…민간투자 7875억원 이끈다,경제
"LG전자, 스타일링·건조·제습 한 번에…관리시간도 단축",경제
"교보생명, 청각장애인 가족캠프·멘토링 지원…사회적응 프로그램 운영 확대",경제
"한국오므론제어기기, ‘AI·로봇 안전제어 솔루션 챌린지’ 1기 개강",경제
"[속보]코스피, 美 기술주 반등에 소폭 상승…8410선 출발",경제
"코웨이, 허리 이완 돕는 모션베드…포근한 잠 속으로",경제
"헤펠레코리아, 경첩 신제품 ‘메탈라540(Metalla 540)’ 출시",경제
"동복댐 찾은 기후장관…""서남권 반도체 산단 용수 적기 공급""",경제
"시공사 선정총회도 디지털 전환…이제이엠컴퍼니, '전자출석'으로 대규모 총회 관리 지원",경제
"韓, 이자 못 갚는 ‘한계기업’ 비중 세계 2위",경제
납품 힘겹던 ‘바닥 신호등’ 시범 구매… 국내 벤처·스타트업 ‘구원투수’,사회
"뉴스의 AI 활용, 어디까지 허용할 것인가",사회
"경기도, 용인 기흥·화성 동탄·구리시 170.5㎢  토지거래허가구역 지정",사회
[부음] 박광준(전 전자신문 총무국장)씨 빙모상,사회
“연 225조 공공조달 혁신… AI 등 신산업 ‘첫 번째 구매자’ 될 것”,사회
인제 연화동 계곡서 70대 남성 익사,사회
"최유철 의성군수 당선인, 1일 취임식… 29일 대한노인회 의성군지회 찾아 어르신 예우",사회
[인사]한국교직원공제회,사회
"관광공사, 기업복지 플랫폼과 근로자휴가지원 사업 홍보",사회
"""말보단 실행""…이상일 용인시장, 반도체 산단 후속조치 촉구",사회
상승 출발한 코스피,사회
새벽 주차장서 숨진 채 발견된 고교생…학폭 의혹 수사,사회
신임 인권위원에 김민문정 前 한국여성단체연합 대표,사회
공사현장서 6·25전쟁 당시 추정 포탄 나와…군부대 수거,사회
경기 광주-서울 양재역 잇는 프리미엄버스 운행 시작,사회
"변호사 작성 문서, 카톡으로 전달…디지털 법률 서비스 확대",사회
[강원날씨]30일 오후부터 곳곳에 최대 50㎜ 소나기,사회
상승 출발한 코스피,사회
"[게시판] 신한은행, 외국인 직접투자 전용 에스크로 서비스",사회
상승 출발한 코스피,사회
코스피 상승-코스닥 하락 출발,사회
내일부터 어선 갑판 위 '구명조끼 착용' 의무화,사회
코스피 상승-코스닥 하락 출발,사회
"아동·청소년 성매매 피고인 평균 징역 2년…""양형 강화 필요""",사회
"농어촌공사, 판소리로 청렴 교육…""주입식 벗어나 참여형""",사회
"5월 산업생산 0.3% 감소, 소비 0.1% 증가",사회
"경찰, '잠실 개표소' 체육단체 진입 막은 30대 남성 소환",사회
"‘AI특성화대학’ 호남대, 융합인재 반도체 생태계 구축",사회
울산 강동해변에 ‘은하수 길’ 열렸다…해안공원 7월 개장,사회
"종합특검, '임성근 구명로비 의혹' 이종호 참고인 조사",사회
"노동부, 신규화학물질 74종 유해성 공표…보호구 착용 등 안전조치 통보",사회
배재고 사과문도 논란…거짓해명·AI 작성 정황,사회
"조달청, 입찰자격 사실 본격 조사…공사입찰 점검팀 가동",사회
"권익위 ""공익사업 편입 후 남은 땅, 사용 불가면 마저 인수해야""",사회
'투표지 보관상자 폐기' '외유성 출장' 공무원 줄소환…6명 조사,사회
시흥시 “세금·일자리 검색 한눈에”…인공지능 민원 서비스 정식 운영,사회
"보령 새 시정구호 '희망찬 내일, 즐거운 일상, 건강한 보령'",사회
"지역 비하 논란 배재고, 사과문 올렸지만... 이번엔 AI 워터마크 논란",사회
GH·한국장애인개발원 맞손…건설 자재까지 '중증장애인생산품' 대폭 확대,사회
'일자리 늘리고 경제 살리고' 보령 엄승용호 최우선 과제,사회
[인사] 해양수산부,사회
[부고] 장경익(스튜디오드래곤 대표)씨 모친상,사회
빨간 부분이 딸기 과실? 촘촘한 점들이 ‘열매’[김규회의 뒤집어보는 상식],사회
위아래층 살며 ‘헤일 수 없이’쌓은 장인과의 추억… 언제나 애틋[추모합니다],사회
"[자막뉴스] 홍명보 선임 공정성 논란 '재점화'...경찰, 2년 만에 '적극 수사'?",사회
"[자막뉴스] 책 주고 ""자유롭게 돈 내렴"" 충북 모 고등교사 논란",사회
전남광주통합특별시의회 1호 조례는 '반도체 지원',사회
"""불법 브로커에 칼 빼 든다""…기보, 제3자 부당개입 집중신고 운영",사회
코스피 상승-코스닥 하락 출발,사회
"[자막뉴스] ""AI 강국으로"" 메가 프로젝트 충북서도 환영의 목소리",사회
부산 고교 여자화장실 창틀서 휴대전화 발견…‘몰카’ 의심에 경찰 수사,사회
"코스피, 상승 출발해 8,400대…코스닥은 하락",사회
"코스피, 상승 출발해 8,400대…코스닥은 하락",사회
"코스피, 상승 출발해 8,400대…코스닥은 하락",사회
대구 수성못오거리 상수도관 복구 작업,사회
대구 수성못오거리 상수도관 복구 작업,사회
"경찰, 올림픽공원 체육회 진입 막은 30대 소환조사",사회
"경찰, 체육단체 잠실 개표소 진입 막은 남성 소환 조사",사회
[인사]지식재산처,사회
"""푹푹찌네"" 물놀이 갔던 아이 구토…'이 질환' 주의",사회
"“나직이 읊조리며 천천히 걷다” 인제군 한국시집박물관,『미음완보, 시심의 근원 속을 거닐다』개최",사회
"경찰, 잠실개표소 체육단체 출입 저지 남성 소환 조사",사회
[인사] 한국전기안전공사,사회
탱크데이 이어 '625% 침투'…유통가 덮친 '역사 감수성' 논란,사회
"부산대, 전체 교원·학생에 구글 교육용 AI 서비스 제공",사회
"문자 남긴 고교생, 극단적 선택...학폭 정황 수사",사회
고의숙 제주도교육감 당선인 현장방문으로 임기 시작,사회
"""싱가포르에 의료AI 공급""…뉴로핏, 동남아 '가속도'",사회
[월드앤이슈] 무너진 잔해 속 기적 생환…'카타르 회담' 미지수,사회
"DGIST, 촉감과 아픔을 동시에 관리하는 '스위치' 발견",사회
"“음료 3잔 횡령” 알바생 돈 뜯더니…빽다방 점주, 결국 ‘강제 폐업’",사회
위성곤 인수위 “도정 부채 위험 수준…강력 재정혁신 필요”,사회
"5월 산업생산 소폭 감소, 반도체 생산은 두 자릿수 감소",사회
"전남정보문화산업진흥원, 가상융합 콘텐츠 기업 대상 '생성형 AI SW 활용 지원사업' 추진",사회
송파구 “청년 작가 장원석 회화전 ‘우리가 지나온 밤의 지형’ 보러 오세요”,사회
일본뇌염모기 ‘경보’..제주·대구 이어 강원서도 확인,사회
"용인 기흥·화성 동탄·구리, 아파트 토지거래허가구역 지정",사회
절반 가격에 농약 판매…무등록 판매 일당 검찰 송치,사회
[날씨] 제주 오늘 밤까지 ‘빗방울’…내일 비바람 주의!,사회
"""고유가 피해 지원 속도"" 용인시, 2회 추경으로 817억원 확보",사회
"""죽을 때까지 태워줄게""…3년 시달린 27세 간호사, 결국 세상 떠났다",사회
"'관악땡겨요상품권' 10억원 발행…""최대 28% 할인효과""",사회
"'일과 휴식을 함께' 함평군, 블루 워케이션 참가자 모집",사회
대구 수성못오거리 상수도관 파손…도로 통제로 출근길 정체(종합),사회
‘짧고 강한 비’ 올해 장마철 전망?,사회
"[베네수 강진] ""아기 살아있는 한 나도 살아야""…엄마와 신생아 생환",사회
[그래픽] 주요 지역 장기보유특별공제액 현황,사회
"'직장 내 괴롭힘 의혹' 강남서 경찰 간부, 서울청 징계위 회부",사회
"자큐보 캐시플로우로 신약 투자… 온코닉, 선순환 본격화 [Why 바이오]",사회
"제주 항공 좌석난, 국회 차원 논의 본격화",사회
"울산시, 강동해안공원 조성…""바다·야간경관 함께 감상""",사회
[인사] 한국금융신문,사회
"부여 서동연꽃축제, 올해 공연·체험 등 프로그램 운영",사회
[부고] 남중웅 씨(한국교통대 교수회장) 장인상,사회
"온누리스마일안과 김부기 대표원장, '서울시의사회 의학상' 학술상 3번째 수상…""국민 눈 건강 위해 최선""",사회
"봉화군, 민선 9기 청사진 나왔다…""74개 공약 사업 확정""",사회
"장애인 취업상담, 집 가까이에서 받는다…공단 ‘찾아가는 상담’ 확대",사회
[사건사고] 포장만 바꿔 26억…가짜 국내산 장어 유통 덜미 外,사회
"정성호 법무 ""'옥중편지' 협박 스토킹범…2차 가해 근본 대책 찾겠다""",사회
신규화학물질 74종 공개…43종서 급성독성·피부부식 등 유해성 확인,사회
"5월 산업생산 소폭 감소, 반도체 생산은 두 자릿수 감소",사회
전북 동부권 오후부터 소나기.. 낮 최고 31도,사회
인권위 신임 위원에 김민문정 전 한국여성단체연합 대표 임명,사회
"당진시, 가축분뇨 설치기준 3차 개정…염소 기준 첫 마련",사회
"5월 산업생산 소폭 감소, 반도체 생산은 두 자릿수 감소",사회
"5월 산업생산 소폭 감소, 반도체 생산은 두 자릿수 감소",사회
"포스텍, 초박형 반도체 칩 10층 이상 적층… 상용 HBM 대비 4배 높은 집적 밀도 구현",사회
"지재처,  ‘대한민국 지식재산 검색 챌린지’ 개최",사회
공연 보러 왔다 2박3일 머물러…부산 관광 마케팅 효과 입증,사회
서울시의회 새 의장단 윤곽… 의장에 3선 임만균,사회
"순천향대천안병원, 예산서 석면 피해자 힐링캠프",사회
"조성진 공연 보고 와인까지…부산시, 체류형 관광상품 출시",사회
전국 100곳에 '자기주도 학습센터',사회
"조폐공사, KLPGA 공식 기념메달 출시…은메달 1종",사회
정읍 진기록 3건 선정…60년 일기·불개·봉사 기록 [글로컬소식],사회
전남 귀농·귀어 가구 전국 1위…귀촌 감소 속 유입 증가세,사회
"대구광역시 자원봉사센터, 타이어뱅크 이웃사랑 릴레이 66호 선정",사회
"SK케미칼, 스카이펠 적용 유연한 데코 시트 개발",사회
"김관영 전북도지사 ""'특별자치도' 새 역사, 공직 인생 최고의 영광""",사회
김규리 “남의 방서 오물 투척”…565번 모욕한 악플러 징역형,사회
수요일 오후 경기·강원 강한 소나기…수도권·충청 폭염특보[내일 날씨],사회
[인사]과학기술인공제회(SEMA),사회
전남 귀농인 5년 만에 전국 1위·귀어도 최다,사회
"경기도, 외국인 영유아 보육료 지원확대…거주요건 폐지",사회
[해커스톡 일대일 영어회화] 하루 1분 기초 영어회화 말하기 (6월 30일),사회
[교육소식]화성 세정중 'AI·로보틱스 메디컬DX' 캠프 등,사회
광주서 심정지 고교생 결국 사망…학폭에 시달렸나,사회
'관봉권 띠지 분실' 최재현·'로스쿨 문제 유출' 안미현 검사 감봉 1개월,사회
씨아이에스케미칼-엘앤에프 전략적 투자 유치…배터리 공급망 혁신 나선다,사회
"서강석 송파구청장 취임식…“한결같은 섬김행정 약속, ‘더욱 살기 좋은 송파’로 보답”",사회
'관봉권 띠지' 압수목록 부실 기재…최재현 검사 감봉 징계,사회
"하이퍼네트웍스-머스타드씨드, 인플루언서 교육 위해 전략적 제휴 체결",사회
보은군 상반기 으뜸공무원 5명 선정…적극행정 실천,사회
청주랜드 공공형 실외놀이터 설계공모 당선작 선정,사회
"종합특검, '임성근 구명 로비' 이종호 참고인 조사",사회
동탄·기흥·구리 규제지역 묶었다…대출·토허제까지 강화(종합),사회
"경기도, 기흥·동탄·구리 토지거래허가 지정…""아파트 한정""",사회
"종합특검, 이종호 전 블랙펄 대표 소환…'임성근 구명로비' 의혹 관련",사회
"'역대급 라인업' 대구 치맥축제, ""저녁 8시부터 재밌다…숙박이 관건""",사회
"""언제부터 찍혔나"" 공포…여고 화장실서 촬영 중인 휴대전화 발견",사회
"[게시판] 장애인고용공단, 전국 26곳서 '찾아가는 상담서비스' 운영",사회
신규화학물질 74종 유해성·위험성 공표…노동자 보호조치 통보,사회
"섬 연구, 왜 중요할까…""온라인 소식지 '섬지기'로 만나요""",사회
[내일날씨] 제주·남해안 최고 120㎜ 이상 폭우…낮 최고 32도,사회
기조연설 경청하는 구윤철 부총리와 박홍근 장관,사회
"""창업 성공 돕는다"" 한양사이버대, 한양대 손잡고 창업 역량↑",사회
"""전국 기관 다 모았다"" 에잇어라운드 '공공강사' 채용시장 DX 이끈다",사회
"[전남광주, 다시 하나로①]남부권 거점 메가시티 '100년의 서막'",사회
"기후장관, 서남권 반도체 산단 전력·용수 공급 현장점검",사회
"신규화학물질 43종서 유해성 확인…노동부, 명칭 공표",사회
"메디원, MDEET 파이널 무료 특강 진행",사회
"지식재산처, KIPRIS 개통 30주년 참여형 이벤트 진행",사회
"경기북부자치경찰위, 의정부서 찾아가는 학교폭력 예방 공연",사회
"하루 7만 8000톤 하수 처리, ‘용인 에코타운’ 본격 가동",사회
"특검, '임성근 구명로비 의혹' 이종호 참고인 조사",사회
"경기도, 전국 최초 이륜차 소음감시카메라 운영",사회
농어촌기본소득에 만원주택…귀농인구 5년 만 전국 1위 차지한 ‘이곳’,사회
면접심사 결과 조작한 경남선관위 채용 담당자 2명 기소,사회
"""장난감 폭발, 아이 피부 홀랑 벗겨졌다""…SNS 유행에 화상 사고 잇따라",사회
"서영대, 창학 50주년 비전 선포식… '100년 미래' 향한 도약 선언",사회
"강남서 ‘직장 내 괴롭힘’ 경찰 간부, 징계위원회 회부",사회
민선 9기 김현기 강남구청장 취임식 비용 359만원…‘검소한 취임식’ 눈길,사회
"대한항공, '제1회 함께 만드는 보안문화 워크숍' 개최",사회
환영사하는 권남훈 산업연구원 원장,사회
양평동 인근 상가 화재,사회
"DGIST, 촉감·통증 조절하는 '분자 스위치' 찾았다",사회
환영사하는 권남훈 산업연구원 원장,사회
서울 양평동 세차장서 화재…진화 작업 중,사회
"""총대 메고 살해하겠다""…홍명보 전 감독 '신변 안전 조치' 받을 수 있나?",사회
축사하는 박홍근 장관,사회
축사하는 박홍근 장관,사회
축사하는 박홍근 장관,사회
축사하는 구윤철 부총리,사회
축사하는 구윤철 부총리,사회
축사하는 구윤철 부총리,사회
축사하는 구윤철 부총리,사회
축사하는 구윤철 부총리,사회
"서강석 구청장 ""섬김행정으로 더 살기 좋은 송파 만들 것""",사회
"조폐공사, KLPGA 공식 기념메달 출시…포토카드형 금·은메달 24종 등",사회
"박영선 위원장, 개회사 및 기조 발제",사회
"박영선 위원장, 개회사 및 기조 발제",사회
"박영선 위원장, 개회사 및 기조 발제",사회
"박영선 위원장, 개회사 및 기조 발제",사회
"오세훈의 속도전, 다시 위기 몰린 종묘",사회
대구 수성못오거리 상수도관 파손···도로 통제,사회
울산 강동해변에 해안공원 조성…해안산책로·몽돌광장·고래광장 등 설치,사회
"박영선 위원장, 개회사 및 기조 발제",사회
"LG화학, 고형암 신약후보물질 美FDA 임상승인",사회
"시흥시, 생성형 AI 통합민원 비서 'Ai흥온' 내달 서비스 개시",사회
‘상수관 파손’… 대구 수성못오거리 인근 도로 통제,사회
"""CPR 때 브래지어 풀고, 가슴 터치했잖아"".. 성추행 고소당한 소방대원 지망생 ""억울해""",사회
최저임금 심의 올해도 법정 시한 넘겨...노사 요구안 '1680원' 격차,사회
"""뜨는 해양 원전 시장 잡아라""…부산시, 해양SMR 육성 세미나 개최",사회
"""탈모약 건보 적용이 웬 말이냐""…논란 커지자 토론회 전격 취소",사회
대구 미분양 아파트 10개월 연속 감소…'악성'도 3개월째↓,사회
"""日시장 진출 모색""…딥노이드, 마이크론과 '맞손'",사회
"""손흥민 짠하다 힘내라"" 트럭 뒤 손글씨에 팬들 먹먹",사회
"'용인 에코타운' 준공, 7월부터 본격 가동…""처인구 개발 기반 마련""",사회
"서영학 호(號) 여수시, ‘시민 속으로·세계 속으로’ 민선 9기 청사진",사회
"사이버한국외대, 방송인 수잔·일리야 '글로벌 홍보대사' 위촉",사회
"[단독] 'Y존 필러 시술' 후 30대 여성 숨져…경찰, 불법 시술한 중국인 남성 수사",사회
"이현권 경북구미 반도체추진단장 ""구미 소부장 특화단지 내실 다지기가 우선""",사회
[단독] 협업 뒤 몰래 제작…대기업이 개인 '디자인권 침해' 3900만 원 배상 판결,사회
'간부 모시는 날' 그만…공직사회 부패행위 집중단속,사회
"청주시, 상습 정체 교차로 9곳 개선…""병목현상 해소 기대""",사회
"광주서 고교생 사망…경찰, 학교폭력 의혹 수사",사회
서울시의회 전반기 의장 후보에 3선 임만균,사회
제10대 대구시의회 전반기 의장 후보에 3선 임인환 합의 추대,사회
QR 하나로 즐기는 경북 숲 여행…코레일관광개발 '놀숲패스' 출시,사회
'관봉권 띠지 의혹' 최재현·'로스쿨 문제 유출' 안미현 검사 감봉 징계,사회
'알테쉬' 판매 어린이용 신발서 유해물질 최대 284.6배 초과 검출,사회
"LG화학, 고형암 신약후보물질 美FDA 임상시험계획 승인",사회
대구 수성못오거리 용두교 방면 상수도 파손…왕복 4차선 도로 통제,사회
"전재수, 부산시장 취임 후 민생 100일 비상 회의부터 생중계",사회
"하나금융, 청소년센터에 벽화 조성",사회
"[자막뉴스] '짬뽕 맛집' 사장님의 반전 실체…""XX, 나가!"" 다 찍혔는데 발뺌",사회
"부산, 해양 소형모듈원자로 세미나 매년 연다…미래 원전시장 선점 본격화",사회
"시흥시, 24시간 깨어있는 ‘AI비서’ 띄운다…지자체 첫 일자리 챗봇 도입",사회
"하나금융, 발달장애인 예술가와 벽화 조성 봉사활동",사회
"하나금융, 발달장애인 예술가와 함께 벽화 조성 봉사활동",사회
"민선9기 시정 슬로건은 무엇?…""오직 안동, 오로지 시민""",사회
한낮 체감온도 최고 33도 안팎…중부내륙 폭염특보 확대될 듯,사회
"""김치찌개에 파인애플·치즈를 넣어?""…한국인 '기절초풍'하게 만드는 K푸드 현지화 [어떻게 생각하세요]",사회
"[속보]동탄·기흥·구리, 규제지역·토지거래허가구역 지정",사회
"대구경찰, 대포통장 모집해 범죄조직에 공급한 14명 구속",사회
대한민국 전략경제 포럼,사회
"마산대 안경광학과 동아리, 전국학술대회 포스터 우수상",사회
"'북극항로와 AI시대' 부산시, 해양 SMR 육성 세미나",사회
열 빼고 전기 차단하는 차세대 ‘액체금속 방열 신소재’ 개발,사회
대한민국 전략경제 포럼,사회
[부고] 박동순 씨(월간현대경영 발행인) 별세,사회
"성남시, 1인가구 거점센터 5곳으로 확대 운영",사회
"대전시, 유성광역복합환승센터 임시 진입로 개통",사회
"지적장애인 위해 '판결문' 따로 썼다…""이겼습니다"" 울컥",사회
대한민국 전략경제 포럼,사회
대한민국 전략경제 포럼,사회
"북극항로·AI 시대 대비…부산시, 해양 소형모듈원자로 육성 세미나 개최",사회
"""신체접촉 화나"" 지인에게 소주병 10여 차례 내리친 50대",사회
대한민국 전략경제 포럼,사회
헌재 “사기업 복지포인트 과세는 합헌…소득세법 조항 명확성 반하지 않아”,사회
[인사] 한국금융신문,사회
"경기도, 용인 기흥·화성 동탄·구리 토지거래허가구역 신규 지정···‘투기 우려’ 아파트로 한정",사회
대구 건설수주 61.9% 급감…백화점 소비는 두 자릿수 증가,사회
"성남시, 18개 경로당 옥상에 차열페인트…""20도 낮춰""",사회
"보은군, 내년 충북도민체전 슬로건 공모전 수상작 발표",사회
"합수본, 노태악 '부부 동반 해외출장' 의혹 수사 착수…고발인 조사",사회
BTS 공연 효과 톡톡…부산 관광환대프로그램 3만명 왔다,사회
소리 못 듣던 6살 몽꼴에게 선물 안긴 '이 병원'…수술 성공,사회
"에어부산, 유류할증료 인하 맞춰 항공권 특가 프로모션",사회
"서산시, 시민 참여형 '2040 도시기본계획' 본격 추진",사회
"부산교육청, 의무연수 확인 자동화…""교직원 업무 경감""",사회
홍련의 외출,사회
연꽃향기 따라온 꿀벌,사회
7월부터 췌장장애 등록 가능…입시·취업 위한 우선심사 운영,사회
자태 뽐내는 홍련,사회
활짝 핀 연꽃,사회
5월 반도체 생산 10% 감소에 산업생산 두 달 연속 마이너스(종합),사회
먹잇감 사냥 중인 백로,사회
연잎 위에 앉은 잠자리,사회
연꽃이 피었습니다,사회
"""관객 꽉 안 찼다고 이런 짓을…"" 영화관 갔다 놀란 장면",사회
연잎에 앉은 잠자리,사회
서울 양평동 세차장서 화재…인명피해는 없어,사회
"베네수 사망자 1,700명대…'카타르 회담' 열리나?",사회
"""낮에는 와인, 밤에는 심포니""…부산 콘서트홀서 프리미엄 문화 여행",사회
‘스벅 가야지’ 응원에 “5·18 조롱 아니냐” 고교야구 발칵…광주일고 결국 협회 찾아간다,사회
아파트 평상서 함께 술마시던 지인 소주병 폭행한 만취 50대,사회
"윤은혜 ""이상형은 기독교…완벽해도 불교면 못 만나""",사회
쌍둥이 홍련,사회
"""스벅 가야지~"" 배재고 조롱…광주일고 ""참담, 묵과못해""",사회
제주 서귀포 해상서 남성 변사체 발견…해경 조사,사회
성남시 1인가구 거점센터 5곳으로 확대한다,사회
"검찰, '금품 수수 의혹' 국민의힘 前보좌관 압수수색",사회
"독립기념관, 장세윤 한국독립운동사연구소장 임명",사회
[날씨] 강원 서쪽 중심 더위…아침까지 중북부내륙 소나기,사회
"방송 복귀 막을 법은 없다…김호중 오늘 출소, 여론은 싸늘",사회
대전 유성광역복합환승센터 임시 진입도로 내달 개통,사회
"'탈모 건보' 급제동…정부, 국민토론회 전격 취소",사회
"인제, 빙어호 여름 축제 전면 취소",사회
'집값 급등' 동탄·기흥·구리 규제지역·토허구역 지정(종합),사회
"해수부, 남방큰돌고래 ‘안목이’ 다음 달 구조",사회
"""역대급 장마·열대야 대비"" 롯데百 부산본점, 여름 침구 기획전",사회
'중대범죄' 저지른 촉법소년 연령 하향 논쟁 [앵커리포트],사회
"춘천시민연대, 수의계약 의혹 진상 규명 촉구",사회
"옥천군보건소, 통합건강증진사업 3년 연속 최우수기관 선정",사회
[문화와 생활] 제5회 횡성군 장애인 어울림 탁구대회 외,사회
이상일“용인 에코타운 준공 도시개발 속도 내 균형발전  기틀 마련하겠다”,사회
일요일 전국 경찰관들 휴대폰 울렸다…의문의 문자 정체,사회
[부고] 남중웅 씨(전국교수연대 상임대표) 장인상,사회
"""당진 천주교 문화유산 숨결 느껴보세요""…프로그램 다채",사회
첫 ‘광부의 날’ 기념식…“헌신 잊지 않고 기록해야”,사회
"교육장관, '한국영유아보육·교육진흥원' 현판식 참석…운영 방향 논의",사회
우상호-강원도민들 ‘미래’ 퍼포먼스 합작..도지사 첫 행보는 소방관 격려,사회
강원 골목상권 매출 11% 증가…피해 지원금 효과,사회
양평역 인근 상가에서 화재 발생,사회
양평역 인근 상가에서 화재 발생,사회
강원 외국인 보유 주택·토지 증가세 지속,사회
"클래식 듣고 와인·미식·숙박까지…부산, ‘공연 관광’으로 체류형 여행객 잡는다",사회
"""요양원서 밥 안 준다""…치매 어머니 전화 한 통에 휘발유 들고 분신 협박한 50대 아들",사회
김병민 G3 서울 기획위원장 “서울 글로벌 톱3 도약 밑그림 그리겠다”,사회
"GH, 한국장애인개발원 일자리 지원",정치
회의 참석하는 정점식 원내대표,정치
"국민의힘, 원내대책회의",정치
모두발언하는 정점식 원내대표,정치
"송영길 ""'정청래 盧장례식 불참' 발언 사과…鄭, FTA 반대 선봉""",정치
"방미통위, AI 시대 '위치정보 규제' 개선 추진",정치
"이 대통령, 오늘 서남권 첨단산업 발전비전 국민보고회…지역별 순회 시작",정치
"국민의힘, 원내대책회의",정치
모두발언하는 정점식 원내대표,정치
모두발언하는 정점식 원내대표,정치
"경찰, '잠실 개표소' 체육단체 진입 막은 30대 남성 소환",정치
"GH, 중증장애인생산품 구매로 ‘상생의 ESG 경영 실천’",정치
‘모친 중국인 아냐’ 했더니 이번엔 혐오 비판…이준석 “그럼 웃으며 동의해야 하나”,정치
"권익위 ""공익사업 편입 후 남은 땅, 사용 불가면 마저 인수해야""",정치
'투표지 보관상자 폐기' '외유성 출장' 공무원 줄소환…6명 조사,정치
하반기 관광기금 융자 3천700억원 공급…작년보다 98% 확대,정치
"안산도시公, ‘출동! 생태 물로켓 특공대’ 운영",정치
"권익위 ""공익사업 후 남은 땅, 원래 용도 못 쓰면 매수해야""…국토부 수용",정치
송영길 “盧 한미 FTA 추진 당시 반대·비판 선봉에 정청래”,정치
"김한규 ""野,한성숙 인청특위 불참 시 與 주도 보고서 채택 고려""",정치
"권익위, 공공기관 '간부 모시는 날' 철퇴…공직사회 부패 근절 나서",정치
국내여행 다시 늘었다…1인 평균 6.5회 여행·85만원 지출,정치
"송영길 ""정청래, FTA 반대 선봉""…'盧 장례식 불참' 주장은 사과",정치
"이개호 국회의원 “호남 반도체 투자 환영, 첨단3지구 최적”",정치
"국가데이터처, 2026년 5월 산업활동동향 발표",정치
2026년 5월 산업활동동향 발표하는 이두원 경제동향통계심의관,정치
"국가데이터처, 2026년 5월 산업활동동향 발표",정치
"국가데이터처, 2026년 5월 산업활동동향 발표",정치
2026년 5월 산업활동동향 발표하는 이두원 경제동향통계심의관,정치
"경기도, 용인 기흥·화성 동탄·구리 등 토지거래허가구역 지정",정치
농수산물 저렴해지나…영업이익률 과도하면 도매 위탁수수료율 낮춘다,정치
"송영길 ""'정청래 盧 장례식 불참' 발언은 사과…鄭 FTA 비판 선봉""",정치
위성곤 인수위 “도정 부채 위험 수준…강력 재정혁신 필요”,정치
"송영길, 유시민 겨냥 ""주군 옆 똑똑한 사람 접근 막는 게 간신""",정치
"송영길, 정청래에 ‘盧 장례식 불참 주장’ 사과했지만…“한미 FTA 반대” 또 비판",정치
"방사청, 공지통신무전기 주파수 도약 방식 성능 개량…보안·항재밍 강화",정치
전남광주특별시의회 1호 안건은 ‘반도체산업지원’,정치
7월의 6·25전쟁 영웅에 육근수 준장·콘라도 디 얍 필리핀 대위 선정,정치
서울시의회 새 의장단 윤곽… 의장에 3선 임만균,정치
7월 독립운동가에 '광복회 활동' 김경태·임봉주·장두환·박제선 선생,정치
"송영길 “정청래, 노무현 전 대통령 장례식 불참 발언 사과”",정치
"송영길 “‘鄭, 장례식 불참’ 발언 사과…鄭, 한미 FTA 반대선봉”",정치
"권익위, 7∼8월 '간부 모시는 날' 집중신고 기간 운영",정치
"송영길, 장례식 불참 발언 관련 “정청래에게 사과”…“우리 모두 노무현 지키지 못해”",정치
"송영길 ""'盧 장례 불참' 발언 정정…한미 FTA 반대 선봉에 정청래""",정치
청주·무주 등 투자선도지구 5곳 선정…민간투자 7천875억 유도,정치
공익사업 뒤 남은 '자투리 농지'…권익위 의견에 국토부 매수 결정,정치
"宋, ‘盧 장례식 불참’ 발언 사과했지만…“진짜 적통은 시민”",정치
"권익위, '간부 모시는 날' 뿌리 뽑는다…집중신고 2개월 운영",정치
"與 ""오늘 한성숙 인청특위, 野 불참해도 보고서 채택 고려""",정치
"국회, 민주당 주도 상임위원장 선출 시도…국힘 반발",정치
이준석은? 한동훈은? 장동혁은?…국민의힘 당대표 티어 메이커,정치
서울시의회 전반기 의장 후보에 3선 임만균,정치
"與 ""국힘, 국무총리 인청특위 회의 불참시 與 주도 보고서 채택 고려""",정치
"[정치쇼] 양향자 ""호남 물·전력 부족? 정부가 뒷받침하면 된다…우재준 발언, 장동혁 공격 아냐""",정치
"국힘 최고위 또 설전 ""그만둬라"" vs ""본인이나""…장동혁 ""사퇴 안 한다""",정치
"[속보] 홍준표 ""반도체 투자에 시비? 대구 쇠락, 지역 정치인 탓…나홀로 고군분투""",정치
"송영길 ‘정청래, 노무현과 등져 장례식 불참’ 주장 사과",정치
'호남 특혜' 등 야당 지적에 이 대통령 조목조목 반박,정치
"해병대, 2026 카만닥 훈련 참가",정치
"해병대, 2026 카만닥 훈련 참가",정치
2026 카만닥 훈련 참가한 해병대 사령부,정치
해병대 사령부. 2026 카만닥 훈련 참가,정치
2026 카만닥 훈련 참가한 해병대 사령부,정치
2026 카만닥 훈련 참가한 해병대 사령부,정치
2026 카만닥 훈련 참가한 해병대 사령부,정치
2026 카만닥 훈련 참가한 해병대 사령부,정치
해병대 사령부. 2026 카만닥 훈련 참가,정치
해병대 사령부. 2026 카만닥 훈련 참가,정치
"해병대, 2026 카만닥 훈련 참가",정치
해병대 사령부. 2026 카만닥 훈련 참가,정치
해병대 사령부. 2026 카만닥 훈련 참가,정치
2026 카만닥 훈련,정치
2026 카만닥 훈련 참가한 해병대 사령부,정치
"해병대, 2026 카만닥 훈련 참가",정치
"해병대, 2026 카만닥 훈련 참가",정치
해병대 사령부. 2026 카만닥 훈련 참가,정치
해병대 사령부. 2026 카만닥 훈련 참가,정치
2026 카만닥 훈련,정치
2026 카만닥 훈련,정치
2026 카만닥 훈련,정치
해병대 사령부. 2026 카만닥 훈련 참가,정치
광주 반도체 예정 후보지 가 보니…일자리·인구유입 기대,정치
"송영길, ""정청래 노무현 장례식 불참"" 발언 사과…""사실관계 정정""",정치
"4700조 투자 발표한 이재용·최태원…90도 허리 굽힌 이 대통령 ""국민 영웅""",정치
편제화기 사격훈련,정치
저격총 사격 전 표적 관측,정치
'목표를 포착했다',정치
'은폐물을 이용하라',정치
상륙기습훈련하는 한·필리핀 장병들,정치
'매의 눈으로',정치
상륙 작전 중,정치
"소진공, '혁신 소상공인 AI 활용지원 소통의 날' 개최",정치
편제화기 사격 위한 탄약 분배,정치
이 대통령의 825조 역대급 승부수…삼성·SK와 '호남 반도체' 띄운다,정치
수색정찰 하는 해병대,정치
"與김한규 ""野 총리 인청특위 또 불참하면 與 주도 인청보고서 채택""",정치
'집값 급등' 동탄·기흥·구리 규제지역·토허구역 지정(종합),정치
수색정찰 하는 해병대,정치
"해병대, 2026 카만닥 훈련 참가",정치
"해병대, 2026 카만닥 훈련 참가",정치
"해병대, 2026 카만닥 훈련 참가",정치
"해병대, 2026 카만닥 훈련 참가",정치
탄약 분배하는 해병대 장병들,정치
상륙기습훈련 하는 한-필리핀 해병대 장병,정치
김현정 “메가 프로젝트를 정쟁화하는 국민의힘이 주가 변동성 일으켜” [김은지의 시사IN],정치
"‘노무현 적통 공세’ 송영길, 정청래 전 대표에게 사과",정치
"교육감직 인수위, ‘1,200억 원 사업비’ 정비 권고",정치
"여야 원 구성 협상 평행선···민주당, 상임위원장 단독 선출하나",정치
22대 국회 법안 일방 표결 320건…역대 최다,정치
카만닥 훈련 참가한 한·필리핀 해병대,정치
"송영길 ""'鄭, 장례식 불참' 발언 사과…우리 모두 盧 지키지 못한 책임 커""",정치
"호남 반도체, 범야권 곳곳 반발...여야, 적통 논쟁 vs 징계 정치",정치
"충북 지역 일꾼 면면은?…청년·여성 저조, 정치 경험 중시",정치
해안 상륙 완료,정치
신속하게 해상기동,정치
해상기동 훈련하는 한·필리핀 해병대,정치
'목표를 확보하라',정치
한·필리핀 해병대 '전술토의',정치
필리핀 해병대에게 이론 및 정비교육하는 韓해병대,정치
'실전처럼 진지하게',정치
필리핀 해병대에게 교육하는 韓해병대,정치
"첨단산업 초격차·균형발전 시동 건 李대통령…삼성·SK, 非수도권에 1558조",정치
"국힘 ""민주, 법사위 강탈…그런다고 李대통령 죄 안 사라져""",정치
"野, 장동혁 사퇴놓고 4번째 '최고위 설전'…張 ""의총서 결정해도 사퇴하지 않는다""",정치
"송영길·정청래, '與 적통' 놓고 정면 충돌…""노무현 장례식도 못 가"" ↔ ""100% 허위""",정치
"홍준표 ""대구 쇠락은 지역 정치인 탓.. 그래서 김부겸 지지했는데 떠드는 나쁜 놈들""",정치
[2보] '집값 급등' 동탄·기흥·구리 규제지역·토허구역 지정,정치
"野 ""李 관치개입 자백, 국조해야""…TK·충청·경기선 ""與 전당대회 경품"" 반발",정치
"송영길, '정청래 盧장례식 불참' 주장 사과…""鄭, FTA 비판 선봉""",정치
‘모친 중국인 루머’ 반박하니 또 혐오 비판…이준석 “그럼 웃으며 맞다고 할까?”,정치
[아침에 PICK] '호남 반도체' 투자 발표…전력·용수 공급 어떻게?,정치
"송영길, 또 정청래 저격… ""'제2의 노무현' 이재명 대통령 지키자""",정치
눈물로 어루만진 조각상…월드컵 함성 멈춰도 영웅은 바다를 지킨다,정치
'관봉권 띠지분실' 최재현·'로스쿨 문제유출' 안미현 검사 감봉,정치
"“유시민, 총리자리도 거부한 사람…새겨들어야” 윤건영의 말",정치
"""기억이 안 난다"", 5건의 재심 무죄, 대법원장 문턱서 멈춘 7표",정치
"윤건영 ""文, 오찬 후 메시지 고민 많아…적통 논쟁은 무의미""[한판승부]",정치
"[인터뷰]우성진 대구 동구청장 ""경제지도 다시 그릴것""",정치
"[현장영상] 김민수 ""사퇴 사퇴 얘기했으면 사퇴하라""",정치
"정부, 'K공예' 키운다…창작부터 해외진출까지 전주기 지원",정치
"홍준표 ""무소속 후보 지원은 가장 악질 해당행위""…친한계 정조준",정치
“민생 살리기 즉각 시행”…예산·효과 의문,정치
독일 청소년 시설 총기난사 사건…6명 사망,정치
오늘 본회의 소집…상임위원장 與 단독 선출 수순,정치
800조 쏟아붓는 서남권 반도체…전력·용수 확보 대책은?,정치
"민주 ""'선관위 특검' 당론 추진""…국힘 ""야당이 추천해야""",정치
호남 반도체 등 1500조 투자…구체적 계획은 '안갯속',정치
"'재건축론' 파장에 한민수 ""유시민 개인 평가‥통합·연대해야"" [모닝콜]",정치
"조갑제 “‘비과학적’ 호남 반도체 프로젝트, 정권 날릴수도”",정치
“호남을 반도체 거점으로”…그러나 ‘전북은 빠져’,정치
"제9대 울산시의회, 다음 달 1일부터 전반기 원 구성",정치
"민주당, 상임위원장 선출 시도…국힘 반발",정치
‘3대 메가프로젝트’ 발표…전북 몫 찾기 과제,정치
재검토 또 재검토…민선 9기 시정 대전환 예고,정치
"""노무현 전 대통령과 등져"" vs ""100% 허위""…정청래·송영길 '적통 전쟁'",정치
"노영희 ""친한계 징계 걱정? 전혀 안 한다""[한판승부]",정치
"김혜경 여사 ""대통령 할아버지에게 전해주겠다""…'꿈의 오케스트라' 격려",정치
"김기현 ""월드컵 32강 진출 실패, 李 대통령도 책임있어""",정치
[글로벌 코리안] 26년째 뉴욕공립도서관 지키는 사서 유희권 씨,정치
[연합뉴스 이 시각 헤드라인] - 07:30,정치
"윤건영 ""유시민, 총리 자리도 거부한 사람…비유 거칠지만 새겨들어야""",정치
“서남권 반도체에 8백조…충청권에도 81조”,정치
"민주당-국민의힘 원구성 협상 결렬…與, 오늘 단독 선출 방침",정치
청와대“코어지지층 이탈?한방향서 빠지는 것 아냐”,정치
"민주당, 전준위·선관위 구성…8·17 전당대회 당권 레이스 본격화",정치
"윤석열의 실패, 이재명의 착각…반복되는 오만의 역사",정치
"비수도권에 1600조 투입…李, 이재용·최태원에 “국민 영웅” 90도 인사",정치
소나무재선충병 ‘3차 대발생’ 양상…1년간 300만그루 잘려 나갔다,정치
"방사청, 다음달 24일쯤 다목적 무인차량 ‘사업자 최종 선정’[이현호의 방산!톡]",정치
"장성철 ""수첩들고 울분 토한 유시민, 李대통령 존중 없어""[한판승부]",정치
"[인터뷰] 정헌율 시장 ""익산 살아 자랑스럽다는 말 뿌듯""",정치
[오늘의 국회일정](30일·화),정치
"""전문가들, 韓 핵잠 필요성에 의문…허영 프로젝트냐""",정치
박원석 “유시민에게 李대통령은 굴러온 돌…불쾌감 표현한 것”,정치
민주당 오늘 법사위 등 상임위원장 단독 선출…국힘 반발,정치
"차기 보수 리더 1위 한동훈, 호감도는 오세훈 [6·3 지선 이후 유권자 인식 여론조사]",정치
"北, '조국수호 정신' 계승 강조…참전열사묘에 '경의'",정치
몰랐다더니 51분 전 “투표지 부족’ 민원…선거상황실 ‘황당 대응’,정치
"'진보진영 차기 리더' 여론조사, 의외의 1위는 '졌잘싸' 김부겸",정치
"北, ""석탄공업 육성…여성동맹원 120명 현장 자원 진출""",정치
'노 전 대통령 장례식'까지‥당권 다툼 '점입가경',정치
"北, 위화도지구 사진전람회…김정은 수해 복구 성과 부각",정치
"北 ""세대 바뀔수록 반제의식 투철해야""",정치
"北 ""논에 새끼물고기 방류""…룡천군 양어사업 소개",정치
"北 ""새 5개년 계획 돌파구 마련""…오석산화강석광산 선전",정치
"北 ""새 5개년 계획 수행 박차""…남흥청년화학연합기업소 선전",정치
"北 ""과외 활동으로 실기교육 강화""",정치
"北, 한국전쟁 시기 전선 탄원서·맹세문 통해 '애국정신' 선전",정치
7월부터 ‘췌장장애’ 신설·입시생 ‘우선심사’…장애 등록 문턱 낮춘다,정치
"北 ""전승세대 영웅정신 계승해야""",정치
"北, 한국전쟁 시기 '조국 수호 정신' 부각…""조국 끝까지 지킨다""",정치
"北, 전승세대 '조국 수호 정신' 재조명",정치
"北 ""다시는 빼앗길 수 없다""…전승세대 정신 부각",정치
"국힘 ""다른 지역은?"" 반발‥""이제 호남 차례""",정치
"[인&아웃] 선관위·축구협회, 왜 실패를 반복하나",정치
"깊이 허리숙인 이 대통령‥""기업인은 국민 영웅""",정치
"李“호남반도체 특혜 아냐, 장기소외 호남에는…”",정치
오늘 국회 후반기 상임위원장 선출…여야 ‘이견’,정치
“발목 잡기” “관치 선전포고”…‘호남 반도체 클러스터’ 논쟁 가열,정치
기업들 “신속한 행정절차 절실”…“대통령이 직접 책임”,정치
"""주거·교통·교육에 집중…강동 품격 높일 것""",정치
“균형 발전과 AI·반도체 거점 수요 일치…기업 손실 강요 아냐”,정치
국회 본회의 개최 예정‥원구성 대치 '일촉즉발',정치
"""관치 개입 억지 결정""…""철 지난 지역주의""",정치
‘AI 대전환’ 메가프로젝트 발표…이 대통령 “새로운 역사 시작”,정치
"이 대통령 ""호남, 장기간 소외…기업 손실 강요 아냐""",정치
"백악관, ""북한 핵위협 비상사태 선언"" 1년 연장",정치
"""인재들 모이게 하겠다""‥'균형발전' 승부수",정치
"호남에 '800조' 제2 반도체 기지…""국민영웅"" 인사",정치
조갑제 “李 ‘홍명보 비판’ 대통령이 할 일 아냐”,정치
[청와대 스케치] 4755조 규모 AI·반도체 ‘메가프로젝트’ 발표… 李 “AI 속도전만이 살 길” 정부 전폭 지원 약속,정치
상임위·한성숙 청문보고서 ‘반쪽’ 처리 수순···宋은 봉하행 [투데이 여의도 스케치],정치
한·일 국기 형상화한 마카롱 [김태훈의 의미 또는 재미],정치
"""이 샌들 안돼요"" 어린이 제품서 발암물질 등 285배 초과 검출",정치
국정기조 “적극 소통인데”…국방정책실 ‘깜깜이식’ 통합사관학교 추진 논란[이현호의 밀리터리!톡],정치
"""李대통령, 왜 호남인지 설명 못 해""…국민의힘, '메가프로젝트' 공세 등 [6/30(화) 데일리안 출근길 뉴스]",정치
"장동혁, 사퇴론 일축 후 징계 정국으로…계파갈등 고조 조짐",정치
"당권파는 분열 자신감, 비당권파는 여론전?…징계 칼 빼야 사는 장동혁",정치
"[단독] 22대 국회, 법안 일방 표결 320건 역대 최다...21대 대비 5배",정치
“응원봉은 되는데 의사봉은 안 된다?”…정치학교 찾은 페미니스트들,정치
"與, 오늘 단독 상임위원장 선출·한성숙 총리 인준안 채택 수순",정치
김민석 등판·송영길 盧 참배…정청래까지 출마선언 초읽기,정치
"군 복무 두 달만에 극단 선택…25년 만에 ""국가 배상해야""",정치
[오늘의 주요일정]행정안전부(6월30일 화요일),정치
"장동혁 ""뭐라 해도 사퇴 안해""…윤리위 가동 초읽기에 野 전운",정치
"군, 2차 피해 방지·사후 대응 특화된 '지휘관용' 성인지 교안 개발 착수",정치
"개혁신당 이기인 ""자발적 호남행? 나는 못 믿겠다.. 李, '정치적 압박' 비판 두려운  모양""",정치
"박용진 ""민주화운동 세력, 운동권 순혈주의 갇히면 안돼""",정치
개표소 시위 불법 139명 수사…수류탄 발견 신고도,정치
"법원 판결문 보니… 김건희씨, ‘매관매직’ 적극 호응",정치
한-우크라 외교장관 회담…'북한군 포로 한국행' 논의,정치
"탈모 건보적용 비판에…李정부,국민토론회 취소",정치
"“서류 더미 갇히면 미래 없다”… 강훈식, ‘슈퍼 패스트’ 적극 행정 주문",정치
"조의장, 오늘 본회의 소집… 22대 국회 후반기 원 구성 ‘파국’으로",정치
범진보 연대론 다시 꺼낸 정청래…전대 앞 '명청대전' 시즌2 열리나,정치
청소년 오케스트라 찾아 격려한 金여사… “눈물 날 뻔” 극찬,정치
"국조특위, 내달 2일 올공 현장조사… ‘투표함 보관 여부’ 확인",정치
한성숙 총리 與 단독 표결 수순… 金총리 이어 ‘반쪽’,정치
APEC 이후 세계인이 찾는 경북… 관광산업 새 반세기 첫걸음,정치
“경북 관광 심장 ‘경주 보문’… 걷고 머물며 즐기는 야간 명소로 육성”,정치
경기도여성가족재단 이천 청사 시대 열렸다,정치
민주 “선관위 특검 당론 추진”… 국힘 “특검은 야당이 추천해야”,정치
국힘 최고위 ‘장동혁 거취’ 또 충돌… 張 “의총서 결정해도 사퇴 안 한다”,정치
野 “정치 클러스터… TK패싱 멈춰라” 與 “국가성장 막는 악질적 발목잡기”,정치
이 대통령 ‘3대 메가프로젝트’ 승부수…“한국 20~30년 책임질 것”,정치
"“두 분은 국민 영웅”… 李﻿대통령, 이재용·최태원에 90도 인사",정치
靑 “문제 크면 재개발… 그 또한 국민이 결정”,정치
"'메가투자' 지휘관 된 李대통령, 호남 반도체 논란 정면돌파…""직접 책임""",정치
'호남 반도체'가 전당대회 카드?…국힘 주장 따져보니,정치
"“현대도 반도체 하라, 대신…” SK하닉 낳은 이병철 파격 제안",정치
'보완수사권'부터 '호남 반도체' 변수까지…민주당 당권 정쟁 가열,정치
"국회, 與 주도 상임위원장 선출 시도…국힘 반발",정치
“盧 장례식 불참해놓고” “허위사실”…與 때아닌 ‘적통 논쟁’,정치
[우보세]문한조강털새똥래돼유주길,정치
"국힘, 장동혁 거취 갈등 격화…""내려와라"" ""사퇴하지 않는다""",정치
與가 설정한 원구성 데드라인…오늘 상임위원장 선출 단독처리 나서나,정치
[오늘의 주요일정]국회(6월30일 화요일),정치
[오늘의 주요일정]정치(6월30일 화요일),정치
"전병헌, 李대통령 ‘돼지 눈에는 돼지만’에 “거친 언사로 프레임 전환”",정치
"[오늘의 주요일정] 정치·정부 (30일, 화)",정치
"[오늘의 국회일정] (30일, 화)",정치
"종합특검, ‘尹 체포방해 혐의’ 김기현-권영진-윤상현 입건",정치
정성호 “국가 범죄 시효 없어야” 입법 촉구,정치
"김민석 ‘1인1표제’ 비판에, 친청 “당원 주권 폄하” 공세",정치
"李, 내일 文과 오찬 뒤 與 원내대표단 만찬",정치
"정청래 ‘노무현 키즈’ 내세우자, 친명 “盧와 완전히 등져” 반격",정치
민주 “선관위 특검 당론 추진” 국힘 “野추천 특검 임명” 요구,정치
장동혁 “의총서 어떤 결정하든 사퇴 안해”… 최고위 “張 내려와야” “본인이나 사퇴” 충돌,정치
"민주, 11개 상임위장 우선 선출에 무게… 국힘 “법사위 절대 못줘”",정치
"광주 반도체, 농업·생활·발전용수 다 끌어써야…“가뭄 대비 필요”",정치
野 “반도체 관치… 정부가 입지 선정 개입” 與 “국가 성장 막으려는 악질적 흑색선전”,정치
‘적통 경쟁’으로 번진 與 차기 당권 난타전,정치
"삼성-SK, 국내 반도체-AI에 4755조 투자한다",정치
"[단독]與, 오늘 원구성 단독처리 예고… 조정식, 본회의 개최 통보",정치
"이재용-최태원에 “국민 영웅”… 李, 90도 허리 굽혀 먼저 인사",정치
"민주, 제10대 인천시의회 상임위원장 7자리 싹쓸이",정치
전남광주통합시의회 ‘0시’ 첫 본회의,정치
제2연평해전 24주년… 유가족의 ‘마르지 않는 눈물’,정치
유시민 김어준의 반기...고장 난 면역세포는 누구인가 [36.5˚C],정치
"'당대표 사퇴' 서명운동 1만 명 육박…장동혁, '징계 정치'로 버티나",정치
"[단독] '한강벨트 쇼크'에 민주당 술렁… ""세금으로 집값 못 잡는다""",정치
"오세훈 ""재개발 속도 내고 서울 G3로""... 민주당 장악 시의회·자치구 협치는",정치
"여야, 원 구성 협상 또 결렬...법사위원장 놓고 평행선",정치
초격차 AI강국… 삼성·SK '4800조' 초대형 투자,정치
"국민의힘, 호남 반도체 투자에 ""TK 패싱"" ""충청 물 뺏기""",정치
저성장 국면 전환 드라이브… 집권 2년차 '승부수' 띄웠다,정치
[사설]증시 널뛰기·침체 우려..AI열풍 적신호,정치
머니투데이 오프라인 헤드라인-30일,정치
유엔 사무총장 후보 레베카 그린스판 “한국은 매우 강력한 목소리를 내왔다” (아리랑TV),정치
"“큰절하고 싶었지만 참모들 말려”… 李, 두 회장에 ‘90도 인사’",정치
"개혁신당 ""반도체 이전, '답정너식 처방' 불장난""",정치
오늘 국회 본회의서 후반기 상임위원장 선출,정치
"국민의힘, ‘선관위 쇄신·재선거 촉구 청년 시국 대토론회’ 개최",정치
"민주당, 오늘 의원총회 후 본회의 참석…상임위원장 단독 선출 수순",정치
"호남에 800조 투자, 반도체 공장 4개 짓는다",정치
호남 반도체 놓고… 與 “지역 균형 발전” 野 “국가 균열 발전”,정치
용지 부족 26일 만에 與 “선관위 특검하자”,정치
원구성 오늘 안 넘긴다는 與… 상임위원장 독식 시사,정치
"靑 정무수석, 유시민 겨냥 “재건축? 재개발도 있다”",정치
